title,pub_date,url,source_name,doc_type,province,province_code,covered_year,covered_month_start,covered_month_end,covered_period_start,covered_period_end,plan_general_amount_yi,plan_special_amount_yi,plan_refinancing_amount_yi,extraction_method,warnings
2025年09月浙江省本月债券发行安排公开,2025-08-19,https://www.celma.org.cn/dfzfxjh/66113.jhtml,dfzfxjh,plan,浙江省,33,2025,9,9,2025-09-01,2025-09-30,,,,ocr,未找到再融资债券计划发行规模(表2-1); 未找到新增一般/专项债券计划发行规模(表2-2); 本行来自OCR识别，数值型字段准确性需人工核对
2025年09月宁波市本月债券发行安排公开,2025-08-19,https://www.celma.org.cn/dfzfxjh/66109.jhtml,dfzfxjh,plan,宁波市,3302,2025,9,9,2025-09-01,2025-09-30,0.0,0.0,0.0,text,
2025年09月安徽省债券发行安排公开,2025-08-19,https://www.celma.org.cn/dfzfxjh/66116.jhtml,dfzfxjh,plan,安徽省,34,2025,9,9,2025-09-01,2025-09-30,0.0,50.0,21.86,text,
2025年07月辽宁省本月债券发行安排公开,2025-08-19,https://www.celma.org.cn/dfzfxjh/66120.jhtml,dfzfxjh,plan,辽宁省,21,2025,7,7,2025-07-01,2025-07-31,0.0,225.73,122.73,text,
2025年09月上海市债券发行安排公开,2025-08-19,https://www.celma.org.cn/dfzfxjh/66124.jhtml,dfzfxjh,plan,上海市,31,2025,9,9,2025-09-01,2025-09-30,0.0,0.0,0.0,text,
2025年09月吉林省债券发行安排公开,2025-08-19,https://www.celma.org.cn/dfzfxjh/66125.jhtml,dfzfxjh,plan,吉林省,22,2025,9,9,2025-09-01,2025-09-30,1.021,81.6,26.7886,text,
2025年09月江苏省本月债券发行安排公开,2025-08-19,https://www.celma.org.cn/dfzfxjh/66129.jhtml,dfzfxjh,plan,江苏省,32,2025,9,9,2025-09-01,2025-09-30,0.0,327.47,0.0,text,
2025年09月甘肃省本月债券发行安排公开,2025-08-19,https://www.celma.org.cn/dfzfxjh/66105.jhtml,dfzfxjh,plan,甘肃省,62,2025,9,9,2025-09-01,2025-09-30,0.0,70.0,23.0,text,
2025年09月海南省本月债券发行安排公开,2025-08-20,https://www.celma.org.cn/dfzfxjh/66131.jhtml,dfzfxjh,plan,海南省,46,2025,9,9,2025-09-01,2025-09-30,45.0,55.0,45.08,text,
2025年09月贵州省本月债券发行安排公开,2025-08-20,https://www.celma.org.cn/dfzfxjh/66132.jhtml,dfzfxjh,plan,贵州省,52,2025,9,9,2025-09-01,2025-09-30,45.92,228.1,489.36,text,
2025年09月河北省债券发行安排公开,2025-08-20,https://www.celma.org.cn/dfzfxjh/66139.jhtml,dfzfxjh,plan,河北省,13,2025,9,9,2025-09-01,2025-09-30,69.93,473.4,340.88,text,
2025年08月内蒙古自治区债券发行安排公开,2025-08-26,https://www.celma.org.cn/dfzfxjh/66208.jhtml,dfzfxjh,plan,内蒙古自治区,15,2025,8,8,2025-08-01,2025-08-31,124.07,2.1,446.31,text,
2025年08月大连市本月债券发行安排公开,2025-08-28,https://www.celma.org.cn/dfzfxjh/66238.jhtml,dfzfxjh,plan,大连市,2102,2025,8,8,2025-08-01,2025-08-31,0.0,21.98,12.11,text,
2025年09月河南省债券发行安排公开,2025-08-28,https://www.celma.org.cn/dfzfxjh/69231.jhtml,dfzfxjh,plan,河南省,41,2025,9,9,2025-09-01,2025-09-30,43.0,345.17,436.1,text,
2025年10月北京市本月债券发行安排公开,2025-09-04,https://www.celma.org.cn/dfzfxjh/66274.jhtml,dfzfxjh,plan,北京市,11,2025,10,10,2025-10-01,2025-10-31,0.0,0.0,42.25,text,
2025年10月广西壮族自治区债券发行安排公开,2025-09-05,https://www.celma.org.cn/dfzfxjh/66296.jhtml,dfzfxjh,plan,广西壮族自治区,45,2025,10,10,2025-10-01,2025-10-31,84.23,15.27,0.0,text,
2025年10月福建省债券发行安排公开,2025-09-10,https://www.celma.org.cn/dfzfxjh/66334.jhtml,dfzfxjh,plan,福建省,35,2025,10,10,2025-10-01,2025-10-31,0.0,122.0,0.0,text,
2025年10月青海省债券发行安排公开,2025-09-11,https://www.celma.org.cn/dfzfxjh/66348.jhtml,dfzfxjh,plan,青海省,63,2025,10,10,2025-10-01,2025-10-31,0.0,0.0,0.0,text,
2025年09月青海省债券发行安排公开,2025-09-11,https://www.celma.org.cn/dfzfxjh/66347.jhtml,dfzfxjh,plan,青海省,63,2025,9,9,2025-09-01,2025-09-30,80.35,0.0,121.95,text,
2025年10月厦门市债券发行安排公开,2025-09-12,https://www.celma.org.cn/dfzfxjh/66378.jhtml,dfzfxjh,plan,厦门市,3502,2025,10,10,2025-10-01,2025-10-31,0.0,70.0,0.0,text,
2025年09月新疆兵团债券发行安排公开,2025-09-12,https://www.celma.org.cn/dfzfxjh/66368.jhtml,dfzfxjh,plan,,,2025,9,9,2025-09-01,2025-09-30,0.0,49.0,0.0,text,
2025年09月云南省债券发行安排公开,2025-09-12,https://www.celma.org.cn/dfzfxjh/66379.jhtml,dfzfxjh,plan,云南省,53,2025,9,9,2025-09-01,2025-09-30,93.3,16.79,199.25,text,
2025年10月四川省本月债券发行安排公开,2025-09-15,https://www.celma.org.cn/dfzfxjh/66405.jhtml,dfzfxjh,plan,四川省,51,2025,10,10,2025-10-01,2025-10-31,0.0,0.0,88.0,text,
2025年10月陕西省债券发行安排公开,2025-09-15,https://www.celma.org.cn/dfzfxjh/66397.jhtml,dfzfxjh,plan,陕西省,61,2025,10,10,2025-10-01,2025-10-31,0.0,0.0,44.19,text,
2025年10月甘肃省债券发行安排公开,2025-09-15,https://www.celma.org.cn/dfzfxjh/66394.jhtml,dfzfxjh,plan,甘肃省,62,2025,10,10,2025-10-01,2025-10-31,0.0,39.6,0.0,text,
2025年10月黑龙江省债券发行安排公开,2025-09-15,https://www.celma.org.cn/dfzfxjh/66393.jhtml,dfzfxjh,plan,黑龙江省,23,2025,10,10,2025-10-01,2025-10-31,19.74,40.76,0.0,text,
2025年10月湖南省本月债券发行安排公开,2025-09-15,https://www.celma.org.cn/dfzfxjh/66390.jhtml,dfzfxjh,plan,湖南省,43,2025,10,10,2025-10-01,2025-10-31,0.0,0.0,0.0,text,
2025年09月内蒙古自治区债券发行安排公开,2025-09-16,https://www.celma.org.cn/dfzfxjh/66420.jhtml,dfzfxjh,plan,内蒙古自治区,15,2025,9,9,2025-09-01,2025-09-30,0.0,0.0,193.94,text,
2025年10月内蒙古自治区债券发行安排公开,2025-09-16,https://www.celma.org.cn/dfzfxjh/66422.jhtml,dfzfxjh,plan,内蒙古自治区,15,2025,10,10,2025-10-01,2025-10-31,,,0.0,text,
2025年10月安徽省债券发行安排公开,2025-09-17,https://www.celma.org.cn/dfzfxjh/66424.jhtml,dfzfxjh,plan,安徽省,34,2025,10,10,2025-10-01,2025-10-31,0.0,0.0,102.54,text,
2025年10月江西省本月债券发行安排公开,2025-09-17,https://www.celma.org.cn/dfzfxjh/66427.jhtml,dfzfxjh,plan,江西省,36,2025,10,10,2025-10-01,2025-10-31,0.0,0.0,0.0,text,
2025年10月贵州省本月债券发行安排公开,2025-09-17,https://www.celma.org.cn/dfzfxjh/66430.jhtml,dfzfxjh,plan,贵州省,52,2025,10,10,2025-10-01,2025-10-31,0.0,0.0,363.83,text,
2025年09月天津市本月债券发行安排公开,2025-09-17,https://www.celma.org.cn/dfzfxjh/66433.jhtml,dfzfxjh,plan,天津市,12,2025,9,9,2025-09-01,2025-09-30,13.04,165.42,0.0,text,
2025年10月宁波市本月债券发行安排公开,2025-09-18,https://www.celma.org.cn/dfzfxjh/66441.jhtml,dfzfxjh,plan,宁波市,3302,2025,10,10,2025-10-01,2025-10-31,0.0,10.0,0.0,text,
2025年10月湖北省债券发行安排公开,2025-09-18,https://www.celma.org.cn/dfzfxjh/66436.jhtml,dfzfxjh,plan,湖北省,42,2025,10,10,2025-10-01,2025-10-31,0.0,638.48,62.29,text,
2025年10月深圳市本月债券发行安排公开,2025-09-18,https://www.celma.org.cn/dfzfxjh/66437.jhtml,dfzfxjh,plan,深圳市,4403,2025,10,10,2025-10-01,2025-10-31,0.0,176.0,0.0,text,
2025年11月深圳市本月债券发行安排公开,2025-09-18,https://www.celma.org.cn/dfzfxjh/66438.jhtml,dfzfxjh,plan,深圳市,4403,2025,11,11,2025-11-01,2025-11-30,0.0,0.0,18.0,text,
2025年12月深圳市本月债券发行安排公开,2025-09-18,https://www.celma.org.cn/dfzfxjh/66439.jhtml,dfzfxjh,plan,深圳市,4403,2025,12,12,2025-12-01,2025-12-31,0.0,0.0,0.0,text,
2025年10月河北省债券发行安排公开,2025-09-18,https://www.celma.org.cn/dfzfxjh/66457.jhtml,dfzfxjh,plan,河北省,13,2025,10,10,2025-10-01,2025-10-31,0.0,484.13,50.31,text,
2025年08月辽宁省本月债券发行安排公开,2025-09-18,https://www.celma.org.cn/dfzfxjh/66449.jhtml,dfzfxjh,plan,辽宁省,21,2025,8,8,2025-08-01,2025-08-31,44.32,127.14,122.21,text,
2025年09月辽宁省本月债券发行安排公开,2025-09-18,https://www.celma.org.cn/dfzfxjh/66454.jhtml,dfzfxjh,plan,辽宁省,21,2025,9,9,2025-09-01,2025-09-30,0.0,0.0,0.0,text,
2025年10月上海市债券发行安排公开,2025-09-19,https://www.celma.org.cn/dfzfxjh/66475.jhtml,dfzfxjh,plan,上海市,31,2025,10,10,2025-10-01,2025-10-31,0.0,0.0,0.0,text,
2025年10月江苏省本月债券发行安排公开,2025-09-19,https://www.celma.org.cn/dfzfxjh/66471.jhtml,dfzfxjh,plan,江苏省,32,2025,10,10,2025-10-01,2025-10-31,0.0,0.0,0.0,text,
2025年10月海南省本月债券发行安排公开,2025-09-19,https://www.celma.org.cn/dfzfxjh/66476.jhtml,dfzfxjh,plan,海南省,46,2025,10,10,2025-10-01,2025-10-31,20.0,51.0,69.0,text,
2025年10月山东省债券发行安排公开,2025-09-19,https://www.celma.org.cn/dfzfxjh/66492.jhtml,dfzfxjh,plan,山东省,37,2025,10,10,2025-10-01,2025-10-31,0.0,381.68,0.0,text,
2025年10月山西省债券发行安排公开,2025-09-19,https://www.celma.org.cn/dfzfxjh/66491.jhtml,dfzfxjh,plan,山西省,14,2025,10,10,2025-10-01,2025-10-31,10.13,23.87,0.0,text,
2025年10月浙江省本月债券发行安排公开,2025-09-19,https://www.celma.org.cn/dfzfxjh/66484.jhtml,dfzfxjh,plan,浙江省,33,2025,10,10,2025-10-01,2025-10-31,126.0,175.96,133.07,text,
2025年10月重庆市本月债券发行安排公开,2025-09-19,https://www.celma.org.cn/dfzfxjh/66481.jhtml,dfzfxjh,plan,重庆市,50,2025,10,10,2025-10-01,2025-10-31,0.0,300.0,50.0,text,
2025年10月吉林省债券发行安排公开,2025-09-19,https://www.celma.org.cn/dfzfxjh/66480.jhtml,dfzfxjh,plan,吉林省,22,2025,10,10,2025-10-01,2025-10-31,46.21,177.46,0.63,text,
2025年10月宁夏回族自治区债券发行安排公开,2025-09-23,https://www.celma.org.cn/dfzfxjh/66520.jhtml,dfzfxjh,plan,宁夏回族自治区,64,2025,10,10,2025-10-01,2025-10-31,3.0,41.5,0.0,text,
2025年10月新疆维吾尔自治区本月债券发行安排公开,2025-09-25,https://www.celma.org.cn/dfzfxjh/66577.jhtml,dfzfxjh,plan,新疆维吾尔自治区,65,2025,10,10,2025-10-01,2025-10-31,21.86,450.0,0.0,text,
2025年09月大连市本月债券发行安排公开,2025-09-25,https://www.celma.org.cn/dfzfxjh/66557.jhtml,dfzfxjh,plan,大连市,2102,2025,9,9,2025-09-01,2025-09-30,9.0,94.5,62.92,text,
2025年11月青海省债券发行安排公开,2025-09-30,https://www.celma.org.cn/dfzfxjh/66600.jhtml,dfzfxjh,plan,青海省,63,2025,11,11,2025-11-01,2025-11-30,56.8,0.0,42.0,text,
2025年10月河南省债券发行安排公开,2025-09-30,https://www.celma.org.cn/dfzfxjh/69232.jhtml,dfzfxjh,plan,河南省,41,2025,10,10,2025-10-01,2025-10-31,58.83,248.09,549.39,text,
2025年11月福建省债券发行安排公开,2025-10-10,https://www.celma.org.cn/dfzfxjh/66623.jhtml,dfzfxjh,plan,福建省,35,2025,11,11,2025-11-01,2025-11-30,0.0,0.0,211.6126,text,
2025年11月厦门市债券发行安排公开,2025-10-11,https://www.celma.org.cn/dfzfxjh/66635.jhtml,dfzfxjh,plan,厦门市,3502,2025,11,11,2025-11-01,2025-11-30,0.0,74.78,19.0,text,
2025年11月广西壮族自治区债券发行安排公开,2025-10-11,https://www.celma.org.cn/dfzfxjh/66633.jhtml,dfzfxjh,plan,广西壮族自治区,45,2025,11,11,2025-11-01,2025-11-30,0.0,76.81,0.0,text,
2025年11月陕西省债券发行安排公开,2025-10-11,https://www.celma.org.cn/dfzfxjh/66636.jhtml,dfzfxjh,plan,陕西省,61,2025,11,11,2025-11-01,2025-11-30,0.0,0.0,0.0,text,
2025年11月北京市本月债券发行安排公开,2025-10-13,https://www.celma.org.cn/dfzfxjh/66648.jhtml,dfzfxjh,plan,北京市,11,2025,11,11,2025-11-01,2025-11-30,0.0,0.0,275.2,text,
2025年11月湖南省本月债券发行安排公开,2025-10-14,https://www.celma.org.cn/dfzfxjh/66669.jhtml,dfzfxjh,plan,湖南省,43,2025,11,11,2025-11-01,2025-11-30,0.0,0.0,210.0,text,
2025年11月四川省本月债券发行安排公开,2025-10-14,https://www.celma.org.cn/dfzfxjh/66672.jhtml,dfzfxjh,plan,四川省,51,2025,11,11,2025-11-01,2025-11-30,0.0,0.0,0.0,text,
2025年11月宁夏回族自治区债券发行安排公开,2025-10-15,https://www.celma.org.cn/dfzfxjh/66681.jhtml,dfzfxjh,plan,宁夏回族自治区,64,2025,11,11,2025-11-01,2025-11-30,0.0,50.0,0.0,text,
2025年10月云南省债券发行安排公开,2025-10-16,https://www.celma.org.cn/dfzfxjh/66689.jhtml,dfzfxjh,plan,云南省,53,2025,10,10,2025-10-01,2025-10-31,0.0,0.0,225.72,text,
2025年11月湖北省债券发行安排公开,2025-10-16,https://www.celma.org.cn/dfzfxjh/66687.jhtml,dfzfxjh,plan,湖北省,42,2025,11,11,2025-11-01,2025-11-30,201.0,788.0,86.0,text,
2025年11月黑龙江省债券发行安排公开,2025-10-17,https://www.celma.org.cn/dfzfxjh/66701.jhtml,dfzfxjh,plan,黑龙江省,23,2025,11,11,2025-11-01,2025-11-30,25.7,23.24,56.53,text,
2025年11月山西省本月债券发行安排公开,2025-10-17,https://www.celma.org.cn/dfzfxjh/66712.jhtml,dfzfxjh,plan,山西省,14,2025,11,11,2025-11-01,2025-11-30,0.0,0.0,213.76,text,
2025年11月吉林省债券发行安排公开,2025-10-19,https://www.celma.org.cn/dfzfxjh/66718.jhtml,dfzfxjh,plan,吉林省,22,2025,11,11,2025-11-01,2025-11-30,55.0,149.02,128.57,text,
2025年11月河北省债券发行安排公开,2025-10-20,https://www.celma.org.cn/dfzfxjh/66724.jhtml,dfzfxjh,plan,河北省,13,2025,11,11,2025-11-01,2025-11-30,0.0,318.93,58.48,text,
2025年11月甘肃省债券发行安排公开,2025-10-20,https://www.celma.org.cn/dfzfxjh/66744.jhtml,dfzfxjh,plan,甘肃省,62,2025,11,11,2025-11-01,2025-11-30,0.0,39.6,40.0,text,
2025年11月内蒙古自治区债券发行安排公开,2025-10-20,https://www.celma.org.cn/dfzfxjh/66745.jhtml,dfzfxjh,plan,内蒙古自治区,15,2025,11,11,2025-11-01,2025-11-30,0.0,0.0,0.0,text,
2025年11月浙江省全辖债券发行安排公开,2025-10-20,https://www.celma.org.cn/dfzfxjh/66722.jhtml,dfzfxjh,plan,浙江省,33,2025,11,11,2025-11-01,2025-11-30,,,,ocr,未找到再融资债券计划发行规模(表2-1); 未找到新增一般/专项债券计划发行规模(表2-2); 本行来自OCR识别，数值型字段准确性需人工核对
2025年11月江苏省本月债券发行安排公开,2025-10-20,https://www.celma.org.cn/dfzfxjh/66719.jhtml,dfzfxjh,plan,江苏省,32,2025,11,11,2025-11-01,2025-11-30,0.0,400.0,235.0,text,
2025年11月贵州省本月债券发行安排公开,2025-10-20,https://www.celma.org.cn/dfzfxjh/66716.jhtml,dfzfxjh,plan,贵州省,52,2025,11,11,2025-11-01,2025-11-30,0.0,0.0,227.0456,text,
2025年11月海南省本月债券发行安排公开,2025-10-20,https://www.celma.org.cn/dfzfxjh/66723.jhtml,dfzfxjh,plan,海南省,46,2025,11,11,2025-11-01,2025-11-30,10.53,43.73,22.5,text,
2025年11月宁波市本月债券发行安排公开,2025-10-20,https://www.celma.org.cn/dfzfxjh/66717.jhtml,dfzfxjh,plan,宁波市,3302,2025,11,11,2025-11-01,2025-11-30,0.0,60.0,72.77,text,
2025年11月山东省债券发行安排公开,2025-10-20,https://www.celma.org.cn/dfzfxjh/66746.jhtml,dfzfxjh,plan,山东省,37,2025,11,11,2025-11-01,2025-11-30,70.0,200.0,8.4,text,
2025年10月天津市本月债券发行安排公开,2025-10-20,https://www.celma.org.cn/dfzfxjh/66726.jhtml,dfzfxjh,plan,天津市,12,2025,10,10,2025-10-01,2025-10-31,4.11,3.8,85.31,text,
2025年11月上海市债券发行安排公开,2025-10-20,https://www.celma.org.cn/dfzfxjh/66786.jhtml,dfzfxjh,plan,上海市,31,2025,11,11,2025-11-01,2025-11-30,0.0,199.15,155.0,text,
2025年11月江西省本月债券发行安排公开,2025-10-24,https://www.celma.org.cn/dfzfxjh/66808.jhtml,dfzfxjh,plan,江西省,36,2025,11,11,2025-11-01,2025-11-30,0.0,0.0,0.0,text,
2025年11月新疆维吾尔自治区本月债券发行安排公开,2025-10-24,https://www.celma.org.cn/dfzfxjh/66811.jhtml,dfzfxjh,plan,新疆维吾尔自治区,65,2025,11,11,2025-11-01,2025-11-30,0.0,307.39,0.0,text,
2025年11月河南省债券发行安排公开,2025-10-30,https://www.celma.org.cn/dfzfxjh/69233.jhtml,dfzfxjh,plan,河南省,41,2025,11,11,2025-11-01,2025-11-30,47.79,623.72,140.58,text,
2025年12月北京市本月债券发行安排公开,2025-11-05,https://www.celma.org.cn/dfzfxjh/66913.jhtml,dfzfxjh,plan,北京市,11,2025,12,12,2025-12-01,2025-12-31,0.0,0.0,0.0,text,
2025年10月大连市本月债券发行安排公开,2025-11-06,https://www.celma.org.cn/dfzfxjh/66921.jhtml,dfzfxjh,plan,大连市,2102,2025,10,10,2025-10-01,2025-10-31,0.0,28.43,0.0,text,
2025年12月湖南省本月债券发行安排公开,2025-11-11,https://www.celma.org.cn/dfzfxjh/66953.jhtml,dfzfxjh,plan,湖南省,43,2025,12,12,2025-12-01,2025-12-31,0.0,0.0,0.0,text,
2025年11月天津市本月债券发行安排公开,2025-11-13,https://www.celma.org.cn/dfzfxjh/66982.jhtml,dfzfxjh,plan,天津市,12,2025,11,11,2025-11-01,2025-11-30,0.0,0.0,0.0,text,
2025年12月陕西省债券发行安排公开,2025-11-13,https://www.celma.org.cn/dfzfxjh/66981.jhtml,dfzfxjh,plan,陕西省,61,2025,12,12,2025-12-01,2025-12-31,0.0,0.0,0.0,text,
2025年10月辽宁省本月债券发行安排公开,2025-11-14,https://www.celma.org.cn/dfzfxjh/67007.jhtml,dfzfxjh,plan,辽宁省,21,2025,10,10,2025-10-01,2025-10-31,0.0,0.0,55.46,text,
2025年12月江西省本月债券发行安排公开,2025-11-17,https://www.celma.org.cn/dfzfxjh/67028.jhtml,dfzfxjh,plan,江西省,36,2025,12,12,2025-12-01,2025-12-31,0.0,0.0,0.0,text,
2025年12月四川省本月债券发行安排公开,2025-11-17,https://www.celma.org.cn/dfzfxjh/67025.jhtml,dfzfxjh,plan,四川省,51,2025,12,12,2025-12-01,2025-12-31,0.0,0.0,0.0,text,
2025年12月黑龙江省债券发行安排公开,2025-11-17,https://www.celma.org.cn/dfzfxjh/67029.jhtml,dfzfxjh,plan,黑龙江省,23,2025,12,12,2025-12-01,2025-12-31,0.0,23.24,0.0,text,
2025年12月山西省债券发行安排公开,2025-11-18,https://www.celma.org.cn/dfzfxjh/67033.jhtml,dfzfxjh,plan,山西省,14,2025,12,12,2025-12-01,2025-12-31,,,169.76,text,未找到新增一般/专项债券计划发行规模(表2-2)
2025年12月宁波市本月债券发行安排公开,2025-11-18,https://www.celma.org.cn/dfzfxjh/67037.jhtml,dfzfxjh,plan,宁波市,3302,2025,12,12,2025-12-01,2025-12-31,0.0,10.0,33.0,text,
2025年12月吉林省债券发行安排公开,2025-11-19,https://www.celma.org.cn/dfzfxjh/67059.jhtml,dfzfxjh,plan,吉林省,22,2025,12,12,2025-12-01,2025-12-31,55.27,1.0,43.0,text,
2025年12月山东省债券发行安排公开,2025-11-19,https://www.celma.org.cn/dfzfxjh/67062.jhtml,dfzfxjh,plan,山东省,37,2025,12,12,2025-12-01,2025-12-31,22.0,84.31,75.3,text,
2025年12月海南省本月债券发行安排公开,2025-11-19,https://www.celma.org.cn/dfzfxjh/67058.jhtml,dfzfxjh,plan,海南省,46,2025,12,12,2025-12-01,2025-12-31,10.53,43.73,22.5,text,
2025年12月江苏省本月债券发行安排公开,2025-11-19,https://www.celma.org.cn/dfzfxjh/67056.jhtml,dfzfxjh,plan,江苏省,32,2025,12,12,2025-12-01,2025-12-31,0.0,0.0,0.0,text,
2025年12月新疆维吾尔自治区本月债券发行安排公开,2025-11-19,https://www.celma.org.cn/dfzfxjh/67199.jhtml,dfzfxjh,plan,新疆维吾尔自治区,65,2025,12,12,2025-12-01,2025-12-31,0.0,0.0,0.0,text,
2025年12月湖北省债券发行安排公开,2025-11-19,https://www.celma.org.cn/dfzfxjh/67110.jhtml,dfzfxjh,plan,湖北省,42,2025,12,12,2025-12-01,2025-12-31,0.0,0.0,0.0,text,
2025年12月甘肃省债券发行安排公开,2025-11-20,https://www.celma.org.cn/dfzfxjh/67073.jhtml,dfzfxjh,plan,甘肃省,62,2025,12,12,2025-12-01,2025-12-31,0.0,39.6,0.0,text,
2025年12月贵州省本月债券发行安排公开,2025-11-20,https://www.celma.org.cn/dfzfxjh/67070.jhtml,dfzfxjh,plan,贵州省,52,2025,12,12,2025-12-01,2025-12-31,0.0,0.0,0.0,text,
2025年12月河北省债券发行安排公开,2025-11-20,https://www.celma.org.cn/dfzfxjh/67076.jhtml,dfzfxjh,plan,河北省,13,2025,12,12,2025-12-01,2025-12-31,0.0,0.0,40.58,text,
2025年12月广西壮族自治区债券发行安排公开,2025-11-20,https://www.celma.org.cn/dfzfxjh/67083.jhtml,dfzfxjh,plan,广西壮族自治区,45,2025,12,12,2025-12-01,2025-12-31,12.93,0.0,31.42,text,
2025年12月上海市债券发行安排公开,2025-11-20,https://www.celma.org.cn/dfzfxjh/67071.jhtml,dfzfxjh,plan,上海市,31,2025,12,12,2025-12-01,2025-12-31,0.0,0.0,0.0,text,
2025年12月浙江省全辖债券发行安排公开,2025-11-20,https://www.celma.org.cn/dfzfxjh/67075.jhtml,dfzfxjh,plan,浙江省,33,2025,12,12,2025-12-01,2025-12-31,87.2,0.0,129.3318,text,
2025年12月内蒙古自治区债券发行安排公开,2025-11-24,https://www.celma.org.cn/dfzfxjh/67108.jhtml,dfzfxjh,plan,内蒙古自治区,15,2025,12,12,2025-12-01,2025-12-31,,,,text,
2025年12月宁夏回族自治区债券发行安排公开,2025-11-24,https://www.celma.org.cn/dfzfxjh/67109.jhtml,dfzfxjh,plan,宁夏回族自治区,64,2025,12,12,2025-12-01,2025-12-31,0.0,61.4942,0.0,text,
2025年11月大连市本月债券发行安排公开,2025-11-25,https://www.celma.org.cn/dfzfxjh/67117.jhtml,dfzfxjh,plan,大连市,2102,2025,11,11,2025-11-01,2025-11-30,0.0,14.76,19.0,text,
2025年12月天津市本月债券发行安排公开,2025-11-26,https://www.celma.org.cn/dfzfxjh/67140.jhtml,dfzfxjh,plan,天津市,12,2025,12,12,2025-12-01,2025-12-31,91.92,146.6,50.0,text,
2025年12月云南省债券发行安排公开,2025-11-27,https://www.celma.org.cn/dfzfxjh/67154.jhtml,dfzfxjh,plan,云南省,53,2025,12,12,2025-12-01,2025-12-31,0.0,57.44,99.0,text,
2025年12月河南省债券发行安排公开,2025-11-28,https://www.celma.org.cn/dfzfxjh/69234.jhtml,dfzfxjh,plan,河南省,41,2025,12,12,2025-12-01,2025-12-31,24.83,160.0,41.33,text,
2025年12月新疆兵团债券发行安排公开,2025-12-01,https://www.celma.org.cn/dfzfxjh/67193.jhtml,dfzfxjh,plan,,,2025,12,12,2025-12-01,2025-12-31,0.0,16.0,0.0,text,
2025年12月青海省债券发行安排公开,2025-12-02,https://www.celma.org.cn/dfzfxjh/67200.jhtml,dfzfxjh,plan,青海省,63,2025,12,12,2025-12-01,2025-12-31,56.8,0.0,42.0,text,
2026年01月厦门市债券发行安排公开,2025-12-03,https://www.celma.org.cn/dfzfxjh/67217.jhtml,dfzfxjh,plan,厦门市,3502,2026,1,1,2026-01-01,2026-01-31,12.0,120.0,60.0,text,
2025年12月大连市本月债券发行安排公开,2025-12-09,https://www.celma.org.cn/dfzfxjh/67289.jhtml,dfzfxjh,plan,大连市,2102,2025,12,12,2025-12-01,2025-12-31,0.0,78.99,0.0,text,
2026年01月广西壮族自治区债券发行安排公开,2025-12-14,https://www.celma.org.cn/dfzfxjh/67353.jhtml,dfzfxjh,plan,广西壮族自治区,45,2026,1,1,2026-01-01,2026-01-31,0.0,0.0,0.0,text,
2026年01月湖南省本月债券发行安排公开,2025-12-15,https://www.celma.org.cn/dfzfxjh/67377.jhtml,dfzfxjh,plan,湖南省,43,2026,1,1,2026-01-01,2026-01-31,0.0,0.0,0.0,text,
2026年01月江西省本月债券发行安排公开,2025-12-15,https://www.celma.org.cn/dfzfxjh/67398.jhtml,dfzfxjh,plan,江西省,36,2026,1,1,2026-01-01,2026-01-31,0.0,0.0,0.0,text,
2026年01月陕西省债券发行安排公开,2025-12-15,https://www.celma.org.cn/dfzfxjh/67380.jhtml,dfzfxjh,plan,陕西省,61,2026,1,1,2026-01-01,2026-01-31,190.0,50.0,0.0,text,
2025年11月辽宁省本月债券发行安排公开,2025-12-15,https://www.celma.org.cn/dfzfxjh/67391.jhtml,dfzfxjh,plan,辽宁省,21,2025,11,11,2025-11-01,2025-11-30,2.68,55.91,297.43,text,
2026年01月黑龙江省债券发行安排公开,2025-12-16,https://www.celma.org.cn/dfzfxjh/67402.jhtml,dfzfxjh,plan,黑龙江省,23,2026,1,1,2026-01-01,2026-01-31,0.0,0.0,0.0,text,
2026年01月内蒙古自治区债券发行安排公开,2025-12-16,https://www.celma.org.cn/dfzfxjh/67407.jhtml,dfzfxjh,plan,内蒙古自治区,15,2026,1,1,2026-01-01,2026-01-31,0.0,0.0,,text,
2026年01月四川省本月债券发行安排公开,2025-12-16,https://www.celma.org.cn/dfzfxjh/67409.jhtml,dfzfxjh,plan,四川省,51,2026,1,1,2026-01-01,2026-01-31,200.0,400.0,550.0,text,
2026年01月福建省债券发行安排公开,2025-12-18,https://www.celma.org.cn/dfzfxjh/67423.jhtml,dfzfxjh,plan,福建省,35,2026,1,1,2026-01-01,2026-01-31,0.0,0.0,30.6444,text,
2026年01月安徽省债券发行安排公开,2025-12-18,https://www.celma.org.cn/dfzfxjh/67422.jhtml,dfzfxjh,plan,安徽省,34,2026,1,1,2026-01-01,2026-01-31,0.0,200.0,381.15,text,
2026年01月吉林省债券发行安排公开,2025-12-18,https://www.celma.org.cn/dfzfxjh/69073.jhtml,dfzfxjh,plan,吉林省,22,2026,1,1,2026-01-01,2026-01-31,0.0,0.0,0.0,text,
2026年01月上海市债券发行安排公开,2025-12-19,https://www.celma.org.cn/dfzfxjh/67445.jhtml,dfzfxjh,plan,上海市,31,2026,1,1,2026-01-01,2026-01-31,0.0,0.0,0.0,text,
2026年01月宁波市本月债券发行安排公开,2025-12-19,https://www.celma.org.cn/dfzfxjh/67443.jhtml,dfzfxjh,plan,宁波市,3302,2026,1,1,2026-01-01,2026-01-31,10.0,326.0,110.0,text,
2026年01月河北省债券发行安排公开,2025-12-19,https://www.celma.org.cn/dfzfxjh/67444.jhtml,dfzfxjh,plan,河北省,13,2026,1,1,2026-01-01,2026-01-31,0.0,0.0,85.0,text,
2026年01月湖北省债券发行安排公开,2025-12-19,https://www.celma.org.cn/dfzfxjh/67470.jhtml,dfzfxjh,plan,湖北省,42,2026,1,1,2026-01-01,2026-01-31,0.0,150.0,154.0,text,
2026年02月深圳市本月债券发行安排公开,2025-12-19,https://www.celma.org.cn/dfzfxjh/67448.jhtml,dfzfxjh,plan,深圳市,4403,2026,2,2,2026-02-01,2026-02-28,0.0,0.0,0.0,text,
2026年01月江苏省本月债券发行安排公开,2025-12-19,https://www.celma.org.cn/dfzfxjh/67450.jhtml,dfzfxjh,plan,江苏省,32,2026,1,1,2026-01-01,2026-01-31,100.0,100.0,0.0,text,
2026年01月山西省债券发行安排公开,2025-12-19,https://www.celma.org.cn/dfzfxjh/67452.jhtml,dfzfxjh,plan,山西省,14,2026,1,1,2026-01-01,2026-01-31,24.0,115.5,183.0,text,
2026年01月甘肃省债券发行安排公开,2025-12-19,https://www.celma.org.cn/dfzfxjh/67441.jhtml,dfzfxjh,plan,甘肃省,62,2026,1,1,2026-01-01,2026-01-31,0.0,0.0,0.0,text,
2026年03月深圳市本月债券发行安排公开,2025-12-19,https://www.celma.org.cn/dfzfxjh/67449.jhtml,dfzfxjh,plan,深圳市,4403,2026,3,3,2026-03-01,2026-03-31,0.0,150.0,13.86,text,
2026年01月北京市本月债券发行安排公开,2025-12-19,https://www.celma.org.cn/dfzfxjh/67446.jhtml,dfzfxjh,plan,北京市,11,2026,1,1,2026-01-01,2026-01-31,0.0,0.0,0.0,text,
2026年01月海南省本月债券发行安排公开,2025-12-19,https://www.celma.org.cn/dfzfxjh/67456.jhtml,dfzfxjh,plan,海南省,46,2026,1,1,2026-01-01,2026-01-31,30.0,0.0,100.0,text,
2026年01月深圳市本月债券发行安排公开,2025-12-19,https://www.celma.org.cn/dfzfxjh/67447.jhtml,dfzfxjh,plan,深圳市,4403,2026,1,1,2026-01-01,2026-01-31,0.0,50.0,0.0,text,
2026年01月浙江省全辖债券发行安排公开,2025-12-20,https://www.celma.org.cn/dfzfxjh/67457.jhtml,dfzfxjh,plan,浙江省,33,2026,1,1,2026-01-01,2026-01-31,,,,ocr,未找到再融资债券计划发行规模(表2-1); 未找到新增一般/专项债券计划发行规模(表2-2); 本行来自OCR识别，数值型字段准确性需人工核对
2026年01月贵州省本月债券发行安排公开,2025-12-22,https://www.celma.org.cn/dfzfxjh/67460.jhtml,dfzfxjh,plan,贵州省,52,2026,1,1,2026-01-01,2026-01-31,0.0,0.0,159.82,text,
2026年01月山东省债券发行安排公开,2025-12-26,https://www.celma.org.cn/dfzfxjh/67488.jhtml,dfzfxjh,plan,山东省,37,2026,1,1,2026-01-01,2026-01-31,0.0,467.72,256.09,text,
2026年01月河南省债券发行安排公开,2025-12-31,https://www.celma.org.cn/dfzfxjh/69235.jhtml,dfzfxjh,plan,河南省,41,2026,1,1,2026-01-01,2026-01-31,0.0,0.0,0.0,text,
2026年02月山西省债券发行安排公开,2026-01-08,https://www.celma.org.cn/dfzfxjh/67543.jhtml,dfzfxjh,plan,山西省,14,2026,2,2,2026-02-01,2026-02-28,24.0,56.0,41.09,text,
2026年02月湖南省本月债券发行安排公开,2026-01-08,https://www.celma.org.cn/dfzfxjh/67539.jhtml,dfzfxjh,plan,湖南省,43,2026,2,2,2026-02-01,2026-02-28,0.0,0.0,0.0,text,
2026年02月福建省债券发行安排公开,2026-01-12,https://www.celma.org.cn/dfzfxjh/67567.jhtml,dfzfxjh,plan,福建省,35,2026,2,2,2026-02-01,2026-02-28,80.5769,46.0,0.0,text,
2026年01月新疆维吾尔自治区本月债券发行安排公开,2026-01-13,https://www.celma.org.cn/dfzfxjh/67583.jhtml,dfzfxjh,plan,新疆维吾尔自治区,65,2026,1,1,2026-01-01,2026-01-31,0.0,0.0,216.0,text,
2026年02月陕西省债券发行安排公开,2026-01-13,https://www.celma.org.cn/dfzfxjh/67601.jhtml,dfzfxjh,plan,陕西省,61,2026,2,2,2026-02-01,2026-02-28,45.0,50.0,98.88,text,
2026年01月宁夏回族自治区债券发行安排公开,2026-01-14,https://www.celma.org.cn/dfzfxjh/67615.jhtml,dfzfxjh,plan,宁夏回族自治区,64,2026,1,1,2026-01-01,2026-01-31,0.0,0.0,0.0,text,
2026年01月天津市本月债券发行安排公开,2026-01-14,https://www.celma.org.cn/dfzfxjh/67617.jhtml,dfzfxjh,plan,天津市,12,2026,1,1,2026-01-01,2026-01-31,0.0,0.0,0.0,text,
2026年02月宁夏回族自治区债券发行安排公开,2026-01-14,https://www.celma.org.cn/dfzfxjh/67616.jhtml,dfzfxjh,plan,宁夏回族自治区,64,2026,2,2,2026-02-01,2026-02-28,0.0,0.0,0.0,text,
2026年02月宁波市本月债券发行安排公开,2026-01-14,https://www.celma.org.cn/dfzfxjh/67618.jhtml,dfzfxjh,plan,宁波市,3302,2026,2,2,2026-02-01,2026-02-28,0.0,0.0,49.7,text,
2026年02月黑龙江省债券发行安排公开,2026-01-14,https://www.celma.org.cn/dfzfxjh/67614.jhtml,dfzfxjh,plan,黑龙江省,23,2026,2,2,2026-02-01,2026-02-28,0.0,0.0,0.0,text,
2025年12月辽宁省本月债券发行安排公开,2026-01-16,https://www.celma.org.cn/dfzfxjh/67633.jhtml,dfzfxjh,plan,辽宁省,21,2025,12,12,2025-12-01,2025-12-31,0.0,32.23,0.0,text,
2026年02月四川省本月债券发行安排公开,2026-01-19,https://www.celma.org.cn/dfzfxjh/67639.jhtml,dfzfxjh,plan,四川省,51,2026,2,2,2026-02-01,2026-02-28,0.0,0.0,0.0,text,
2026年02月山东省债券发行安排公开,2026-01-19,https://www.celma.org.cn/dfzfxjh/67643.jhtml,dfzfxjh,plan,山东省,37,2026,2,2,2026-02-01,2026-02-28,0.0,300.0,200.0,text,
2026年02月海南省本月债券发行安排公开,2026-01-20,https://www.celma.org.cn/dfzfxjh/67661.jhtml,dfzfxjh,plan,海南省,46,2026,2,2,2026-02-01,2026-02-28,30.0,50.0,100.0,text,
2026年02月贵州省本月债券发行安排公开,2026-01-20,https://www.celma.org.cn/dfzfxjh/67645.jhtml,dfzfxjh,plan,贵州省,52,2026,2,2,2026-02-01,2026-02-28,0.0,0.0,0.0,text,
2026年02月河北省债券发行安排公开,2026-01-20,https://www.celma.org.cn/dfzfxjh/67657.jhtml,dfzfxjh,plan,河北省,13,2026,2,2,2026-02-01,2026-02-28,194.0,630.0,377.9,text,
2026年02月江苏省本月债券发行安排公开,2026-01-20,https://www.celma.org.cn/dfzfxjh/67664.jhtml,dfzfxjh,plan,江苏省,32,2026,2,2,2026-02-01,2026-02-28,0.0,237.0,1200.0,text,
2026年02月湖北省债券发行安排公开,2026-01-20,https://www.celma.org.cn/dfzfxjh/67658.jhtml,dfzfxjh,plan,湖北省,42,2026,2,2,2026-02-01,2026-02-28,252.0,100.0,165.0,text,
2026年02月内蒙古自治区债券发行安排公开,2026-01-20,https://www.celma.org.cn/dfzfxjh/67666.jhtml,dfzfxjh,plan,内蒙古自治区,15,2026,2,2,2026-02-01,2026-02-28,0.0,0.0,,text,
2026年02月广西壮族自治区债券发行安排公开,2026-01-20,https://www.celma.org.cn/dfzfxjh/67662.jhtml,dfzfxjh,plan,广西壮族自治区,45,2026,2,2,2026-02-01,2026-02-28,37.74,33.54,508.07,text,
2026年02月甘肃省债券发行安排公开,2026-01-20,https://www.celma.org.cn/dfzfxjh/67659.jhtml,dfzfxjh,plan,甘肃省,62,2026,2,2,2026-02-01,2026-02-28,0.0,0.0,0.0,text,
2026年02月北京市本月债券发行安排公开,2026-01-20,https://www.celma.org.cn/dfzfxjh/67656.jhtml,dfzfxjh,plan,北京市,11,2026,2,2,2026-02-01,2026-02-28,109.0,344.18,0.0,text,
2026年02月上海市债券发行安排公开,2026-01-20,https://www.celma.org.cn/dfzfxjh/67652.jhtml,dfzfxjh,plan,上海市,31,2026,2,2,2026-02-01,2026-02-28,125.0,0.0,0.0,text,
2026年02月江西省债券发行安排公开,2026-01-21,https://www.celma.org.cn/dfzfxjh/67671.jhtml,dfzfxjh,plan,江西省,36,2026,2,2,2026-02-01,2026-02-28,0.0,0.0,,text,未找到再融资债券计划发行规模(表2-1)
2026年02月浙江省全辖债券发行安排公开,2026-01-21,https://www.celma.org.cn/dfzfxjh/67675.jhtml,dfzfxjh,plan,浙江省,33,2026,2,2,2026-02-01,2026-02-28,,,,ocr,未找到再融资债券计划发行规模(表2-1); 未找到新增一般/专项债券计划发行规模(表2-2); 本行来自OCR识别，数值型字段准确性需人工核对
2026年02月河南省债券发行安排公开,2026-01-22,https://www.celma.org.cn/dfzfxjh/69236.jhtml,dfzfxjh,plan,河南省,41,2026,2,2,2026-02-01,2026-02-28,35.0,284.11,485.61,text,
2025年10月西藏自治区本月债券发行安排公开,2026-01-23,https://www.celma.org.cn/dfzfxjh/67693.jhtml,dfzfxjh,plan,西藏自治区,54,2025,10,10,2025-10-01,2025-10-31,10.0,19.0,0.0,text,
2025年11月广东省本月债券发行安排公开,2026-01-23,https://www.celma.org.cn/dfzfxjh/67706.jhtml,dfzfxjh,plan,广东省,44,2025,11,11,2025-11-01,2025-11-30,0.0,100.0,117.66,text,
2025年12月广东省本月债券发行安排公开,2026-01-23,https://www.celma.org.cn/dfzfxjh/67707.jhtml,dfzfxjh,plan,广东省,44,2025,12,12,2025-12-01,2025-12-31,0.0,0.0,0.0,text,
2025年07月西藏自治区本月债券发行安排公开,2026-01-23,https://www.celma.org.cn/dfzfxjh/67692.jhtml,dfzfxjh,plan,西藏自治区,54,2025,7,7,2025-07-01,2025-07-31,59.5,13.98,0.0,text,
2025年10月广东省本月债券发行安排公开,2026-01-23,https://www.celma.org.cn/dfzfxjh/67705.jhtml,dfzfxjh,plan,广东省,44,2025,10,10,2025-10-01,2025-10-31,0.0,357.17,319.25,text,
2026年02月重庆市本月债券发行安排公开,2026-01-26,https://www.celma.org.cn/dfzfxjh/67773.jhtml,dfzfxjh,plan,重庆市,50,2026,2,2,2026-02-01,2026-02-28,0.0,0.0,333.95,text,
2026年01月重庆市本月债券发行安排公开,2026-01-26,https://www.celma.org.cn/dfzfxjh/67772.jhtml,dfzfxjh,plan,重庆市,50,2026,1,1,2026-01-01,2026-01-31,0.0,0.0,248.39,text,
2026年01月辽宁省本月债券发行安排公开,2026-01-28,https://www.celma.org.cn/dfzfxjh/67821.jhtml,dfzfxjh,plan,辽宁省,21,2026,1,1,2026-01-01,2026-01-31,0.0,0.0,255.69,text,
2026年02月新疆维吾尔自治区本月债券发行安排公开,2026-01-28,https://www.celma.org.cn/dfzfxjh/67819.jhtml,dfzfxjh,plan,新疆维吾尔自治区,65,2026,2,2,2026-02-01,2026-02-28,0.0,35.0,0.0,text,
2026年02月天津市本月债券发行安排公开,2026-01-30,https://www.celma.org.cn/dfzfxjh/67850.jhtml,dfzfxjh,plan,天津市,12,2026,2,2,2026-02-01,2026-02-28,0.0,90.15,88.61,text,
2026年02月云南省债券发行安排公开,2026-02-03,https://www.celma.org.cn/dfzfxjh/67898.jhtml,dfzfxjh,plan,云南省,53,2026,2,2,2026-02-01,2026-02-28,0.0,0.0,112.76,text,
2026年03月内蒙古自治区债券发行安排公开,2026-02-04,https://www.celma.org.cn/dfzfxjh/67906.jhtml,dfzfxjh,plan,内蒙古自治区,15,2026,3,3,2026-03-01,2026-03-31,0.0,0.0,,text,
2026年03月山西省债券发行安排公开,2026-02-06,https://www.celma.org.cn/dfzfxjh/67927.jhtml,dfzfxjh,plan,山西省,14,2026,3,3,2026-03-01,2026-03-31,24.0,56.0,0.0,text,
2026年03月陕西省债券发行安排公开,2026-02-09,https://www.celma.org.cn/dfzfxjh/67953.jhtml,dfzfxjh,plan,陕西省,61,2026,3,3,2026-03-01,2026-03-31,50.0,25.0,363.43,text,
2026年03月福建省债券发行安排公开,2026-02-09,https://www.celma.org.cn/dfzfxjh/67948.jhtml,dfzfxjh,plan,福建省,35,2026,3,3,2026-03-01,2026-03-31,0.0,0.0,449.76,text,
2026年03月黑龙江省债券发行安排公开,2026-02-10,https://www.celma.org.cn/dfzfxjh/67977.jhtml,dfzfxjh,plan,黑龙江省,23,2026,3,3,2026-03-01,2026-03-31,173.93,105.43,0.0,text,
2026年03月青海省债券发行安排公开,2026-02-10,https://www.celma.org.cn/dfzfxjh/67974.jhtml,dfzfxjh,plan,青海省,63,2026,3,3,2026-03-01,2026-03-31,40.0,21.84,20.0,text,
2026年03月四川省本月债券发行安排公开,2026-02-10,https://www.celma.org.cn/dfzfxjh/67982.jhtml,dfzfxjh,plan,四川省,51,2026,3,3,2026-03-01,2026-03-31,0.0,400.0,337.0,text,
2026年03月北京市本月债券发行安排公开,2026-02-11,https://www.celma.org.cn/dfzfxjh/67989.jhtml,dfzfxjh,plan,北京市,11,2026,3,3,2026-03-01,2026-03-31,0.0,0.0,147.4,text,
2026年03月江苏省本月债券发行安排公开,2026-02-12,https://www.celma.org.cn/dfzfxjh/68024.jhtml,dfzfxjh,plan,江苏省,32,2026,3,3,2026-03-01,2026-03-31,0.0,550.0,0.0,text,
2026年03月甘肃省债券发行安排公开,2026-02-12,https://www.celma.org.cn/dfzfxjh/68012.jhtml,dfzfxjh,plan,甘肃省,62,2026,3,3,2026-03-01,2026-03-31,106.82,80.0,360.0,text,
2026年03月海南省本月债券发行安排公开,2026-02-12,https://www.celma.org.cn/dfzfxjh/68013.jhtml,dfzfxjh,plan,海南省,46,2026,3,3,2026-03-01,2026-03-31,0.0,0.0,0.0,text,
2026年03月湖北省债券发行安排公开,2026-02-12,https://www.celma.org.cn/dfzfxjh/68014.jhtml,dfzfxjh,plan,湖北省,42,2026,3,3,2026-03-01,2026-03-31,0.0,160.0,347.0,text,
2026年02月广东省本月债券发行安排公开,2026-02-12,https://www.celma.org.cn/dfzfxjh/67999.jhtml,dfzfxjh,plan,广东省,44,2026,2,2,2026-02-01,2026-02-28,132.6,400.91,280.83,text,
2026年03月湖南省本月债券发行安排公开,2026-02-12,https://www.celma.org.cn/dfzfxjh/68009.jhtml,dfzfxjh,plan,湖南省,43,2026,3,3,2026-03-01,2026-03-31,0.0,0.0,0.0,text,
2026年03月吉林省债券发行安排公开,2026-02-12,https://www.celma.org.cn/dfzfxjh/67993.jhtml,dfzfxjh,plan,吉林省,22,2026,3,3,2026-03-01,2026-03-31,59.0,71.0,639.18,text,
2026年03月浙江省全辖债券发行安排公开,2026-02-12,https://www.celma.org.cn/dfzfxjh/68023.jhtml,dfzfxjh,plan,浙江省,33,2026,3,3,2026-03-01,2026-03-31,0.0,488.0,210.0,text,
2026年01月广东省本月债券发行安排公开,2026-02-12,https://www.celma.org.cn/dfzfxjh/67998.jhtml,dfzfxjh,plan,广东省,44,2026,1,1,2026-01-01,2026-01-31,0.0,972.5,82.46,text,
2026年03月安徽省债券发行安排公开,2026-02-13,https://www.celma.org.cn/dfzfxjh/68025.jhtml,dfzfxjh,plan,安徽省,34,2026,3,3,2026-03-01,2026-03-31,0.0,150.36,143.05,text,
2026年03月河北省债券发行安排公开,2026-02-13,https://www.celma.org.cn/dfzfxjh/68028.jhtml,dfzfxjh,plan,河北省,13,2026,3,3,2026-03-01,2026-03-31,0.0,0.0,352.76,text,
2026年03月贵州省本月债券发行安排公开,2026-02-13,https://www.celma.org.cn/dfzfxjh/68030.jhtml,dfzfxjh,plan,贵州省,52,2026,3,3,2026-03-01,2026-03-31,0.0,0.0,598.44,text,
2026年03月广西壮族自治区债券发行安排公开,2026-02-14,https://www.celma.org.cn/dfzfxjh/68044.jhtml,dfzfxjh,plan,广西壮族自治区,45,2026,3,3,2026-03-01,2026-03-31,31.36,194.0,342.87,text,
2026年03月宁波市债券发行安排公开,2026-02-15,https://www.celma.org.cn/dfzfxjh/68046.jhtml,dfzfxjh,plan,宁波市,3302,2026,3,3,2026-03-01,2026-03-31,0.0,0.0,0.0,text,
2026年03月江西省债券发行安排公开,2026-02-24,https://www.celma.org.cn/dfzfxjh/68054.jhtml,dfzfxjh,plan,江西省,36,2026,3,3,2026-03-01,2026-03-31,0.0,0.0,0.0,text,
2026年03月重庆市本月债券发行安排公开,2026-02-26,https://www.celma.org.cn/dfzfxjh/68072.jhtml,dfzfxjh,plan,重庆市,50,2026,3,3,2026-03-01,2026-03-31,4.5,139.0,196.43,text,
2026年03月河南省债券发行安排公开,2026-02-26,https://www.celma.org.cn/dfzfxjh/69237.jhtml,dfzfxjh,plan,河南省,41,2026,3,3,2026-03-01,2026-03-31,0.0,62.74,381.18,text,
2026年02月大连市本月债券发行安排公开,2026-03-04,https://www.celma.org.cn/dfzfxjh/68116.jhtml,dfzfxjh,plan,大连市,2102,2026,2,2,2026-02-01,2026-02-28,11.0,15.26,92.42,text,
2026年03月天津市本月债券发行安排公开,2026-03-05,https://www.celma.org.cn/dfzfxjh/68130.jhtml,dfzfxjh,plan,天津市,12,2026,3,3,2026-03-01,2026-03-31,0.0,0.3,157.67,text,
2026年02月辽宁省本月债券发行安排公开,2026-03-06,https://www.celma.org.cn/dfzfxjh/68145.jhtml,dfzfxjh,plan,辽宁省,21,2026,2,2,2026-02-01,2026-02-28,43.6,73.88,367.82,text,
2026年03月上海市债券发行安排公开,2026-03-10,https://www.celma.org.cn/dfzfxjh/68171.jhtml,dfzfxjh,plan,上海市,31,2026,3,3,2026-03-01,2026-03-31,0.0,368.68,0.0,text,
2026年03月新疆维吾尔自治区本月债券发行安排公开,2026-03-12,https://www.celma.org.cn/dfzfxjh/68216.jhtml,dfzfxjh,plan,新疆维吾尔自治区,65,2026,3,3,2026-03-01,2026-03-31,10.29,2.4,102.32,text,
2026年04月陕西省债券发行安排公开,2026-03-13,https://www.celma.org.cn/dfzfxjh/68246.jhtml,dfzfxjh,plan,陕西省,61,2026,4,4,2026-04-01,2026-04-30,0.0,0.0,0.0,text,
2026年04月山西省债券发行安排公开,2026-03-16,https://www.celma.org.cn/dfzfxjh/68267.jhtml,dfzfxjh,plan,山西省,14,2026,4,4,2026-04-01,2026-04-30,25.0,50.0,181.0,text,
2026年04月四川省本月债券发行安排公开,2026-03-16,https://www.celma.org.cn/dfzfxjh/68257.jhtml,dfzfxjh,plan,四川省,51,2026,4,4,2026-04-01,2026-04-30,0.0,0.0,137.0,text,
2026年04月江西省债券发行安排公开,2026-03-17,https://www.celma.org.cn/dfzfxjh/68273.jhtml,dfzfxjh,plan,江西省,36,2026,4,4,2026-04-01,2026-04-30,0.0,0.0,0.0,text,
2026年03月广东省本月债券发行安排公开,2026-03-17,https://www.celma.org.cn/dfzfxjh/68268.jhtml,dfzfxjh,plan,广东省,44,2026,3,3,2026-03-01,2026-03-31,47.92,643.54,228.37,text,
2026年04月黑龙江省债券发行安排公开,2026-03-17,https://www.celma.org.cn/dfzfxjh/68270.jhtml,dfzfxjh,plan,黑龙江省,23,2026,4,4,2026-04-01,2026-04-30,0.0,0.0,444.47,text,
2026年04月福建省债券发行安排公开,2026-03-17,https://www.celma.org.cn/dfzfxjh/68269.jhtml,dfzfxjh,plan,福建省,35,2026,4,4,2026-04-01,2026-04-30,0.0,400.0,0.0,text,
2026年04月吉林省债券发行安排公开,2026-03-19,https://www.celma.org.cn/dfzfxjh/68315.jhtml,dfzfxjh,plan,吉林省,22,2026,4,4,2026-04-01,2026-04-30,0.0,50.0,46.28,text,
2026年04月湖北省债券发行安排公开,2026-03-19,https://www.celma.org.cn/dfzfxjh/68365.jhtml,dfzfxjh,plan,湖北省,42,2026,4,4,2026-04-01,2026-04-30,0.0,50.0,145.0,text,
2026年04月宁夏回族自治区债券发行安排公开,2026-03-19,https://www.celma.org.cn/dfzfxjh/68306.jhtml,dfzfxjh,plan,宁夏回族自治区,64,2026,4,4,2026-04-01,2026-04-30,0.0,50.0,,text,
2026年04月河北省债券发行安排公开,2026-03-19,https://www.celma.org.cn/dfzfxjh/68314.jhtml,dfzfxjh,plan,河北省,13,2026,4,4,2026-04-01,2026-04-30,90.0,200.0,90.98,text,
2026年03月宁夏回族自治区债券发行安排公开,2026-03-19,https://www.celma.org.cn/dfzfxjh/68307.jhtml,dfzfxjh,plan,宁夏回族自治区,64,2026,3,3,2026-03-01,2026-03-31,0.0,0.0,38.96,text,
2026年04月湖南省本月债券发行安排公开,2026-03-19,https://www.celma.org.cn/dfzfxjh/68308.jhtml,dfzfxjh,plan,湖南省,43,2026,4,4,2026-04-01,2026-04-30,0.0,0.0,0.0,text,
2026年03月山东省债券发行安排公开,2026-03-19,https://www.celma.org.cn/dfzfxjh/68322.jhtml,dfzfxjh,plan,山东省,37,2026,3,3,2026-03-01,2026-03-31,0.0,138.15,423.88,text,
2026年04月山东省债券发行安排公开,2026-03-19,https://www.celma.org.cn/dfzfxjh/68321.jhtml,dfzfxjh,plan,山东省,37,2026,4,4,2026-04-01,2026-04-30,0.0,200.0,145.0,text,
2026年04月重庆市本月债券发行安排公开,2026-03-20,https://www.celma.org.cn/dfzfxjh/68350.jhtml,dfzfxjh,plan,重庆市,50,2026,4,4,2026-04-01,2026-04-30,0.0,0.0,293.35,text,
2026年04月贵州省本月债券发行安排公开,2026-03-20,https://www.celma.org.cn/dfzfxjh/68342.jhtml,dfzfxjh,plan,贵州省,52,2026,4,4,2026-04-01,2026-04-30,67.7,0.0,600.0,text,
2026年04月宁波市债券发行安排公开,2026-03-20,https://www.celma.org.cn/dfzfxjh/68345.jhtml,dfzfxjh,plan,宁波市,3302,2026,4,4,2026-04-01,2026-04-30,0.0,0.0,85.56,text,
2026年04月浙江省全辖债券发行安排公开,2026-03-20,https://www.celma.org.cn/dfzfxjh/68341.jhtml,dfzfxjh,plan,浙江省,33,2026,4,4,2026-04-01,2026-04-30,0.0,250.0,389.0,text,
2026年04月甘肃省本月债券发行安排公开,2026-03-20,https://www.celma.org.cn/dfzfxjh/68348.jhtml,dfzfxjh,plan,甘肃省,62,2026,4,4,2026-04-01,2026-04-30,0.0,80.0,159.0,text,
2026年04月安徽省债券发行安排公开,2026-03-20,https://www.celma.org.cn/dfzfxjh/68346.jhtml,dfzfxjh,plan,安徽省,34,2026,4,4,2026-04-01,2026-04-30,0.0,170.0,360.0,text,
2026年04月北京市本月债券发行安排公开,2026-03-20,https://www.celma.org.cn/dfzfxjh/68362.jhtml,dfzfxjh,plan,北京市,11,2026,4,4,2026-04-01,2026-04-30,0.0,199.46,0.0,text,
2026年04月内蒙古自治区债券发行安排公开,2026-03-20,https://www.celma.org.cn/dfzfxjh/68347.jhtml,dfzfxjh,plan,内蒙古自治区,15,2026,4,4,2026-04-01,2026-04-30,100.0,30.0,117.25,text,
2026年04月江苏省本月债券发行安排公开,2026-03-20,https://www.celma.org.cn/dfzfxjh/68343.jhtml,dfzfxjh,plan,江苏省,32,2026,4,4,2026-04-01,2026-04-30,0.0,152.58,729.89,text,
2026年06月深圳市本月债券发行安排公开,2026-03-20,https://www.celma.org.cn/dfzfxjh/68334.jhtml,dfzfxjh,plan,深圳市,4403,2026,6,6,2026-06-01,2026-06-30,0.0,269.85,0.0,text,
2026年05月深圳市本月债券发行安排公开,2026-03-20,https://www.celma.org.cn/dfzfxjh/68335.jhtml,dfzfxjh,plan,深圳市,4403,2026,5,5,2026-05-01,2026-05-31,0.0,0.0,0.0,text,
2026年04月深圳市本月债券发行安排公开,2026-03-20,https://www.celma.org.cn/dfzfxjh/68332.jhtml,dfzfxjh,plan,深圳市,4403,2026,4,4,2026-04-01,2026-04-30,0.0,200.0,56.06,text,
2026年04月广西壮族自治区债券发行安排公开,2026-03-20,https://www.celma.org.cn/dfzfxjh/68340.jhtml,dfzfxjh,plan,广西壮族自治区,45,2026,4,4,2026-04-01,2026-04-30,107.21,150.0,150.0,text,
2026年04月海南省本月债券发行安排公开,2026-03-20,https://www.celma.org.cn/dfzfxjh/68338.jhtml,dfzfxjh,plan,海南省,46,2026,4,4,2026-04-01,2026-04-30,0.0,0.0,0.0,text,
2026年06月湖北省债券发行安排公开,2026-03-23,https://www.celma.org.cn/dfzfxjh/68367.jhtml,dfzfxjh,plan,湖北省,42,2026,6,6,2026-06-01,2026-06-30,0.0,150.0,312.0,text,
2026年05月湖北省债券发行安排公开,2026-03-23,https://www.celma.org.cn/dfzfxjh/68366.jhtml,dfzfxjh,plan,湖北省,42,2026,5,5,2026-05-01,2026-05-31,0.0,150.0,303.0,text,
2026年03月辽宁省本月债券发行安排公开,2026-03-25,https://www.celma.org.cn/dfzfxjh/68401.jhtml,dfzfxjh,plan,辽宁省,21,2026,3,3,2026-03-01,2026-03-31,13.4,46.5,87.2,text,
2026年04月河南省债券发行安排公开,2026-03-27,https://www.celma.org.cn/dfzfxjh/69238.jhtml,dfzfxjh,plan,河南省,41,2026,4,4,2026-04-01,2026-04-30,0.0,0.0,547.43,text,
2026年04月新疆维吾尔自治区本月债券发行安排公开,2026-03-27,https://www.celma.org.cn/dfzfxjh/68443.jhtml,dfzfxjh,plan,新疆维吾尔自治区,65,2026,4,4,2026-04-01,2026-04-30,15.0,10.0,61.8,text,
2026年04月云南省债券发行安排公开,2026-04-07,https://www.celma.org.cn/dfzfxjh/68477.jhtml,dfzfxjh,plan,云南省,53,2026,4,4,2026-04-01,2026-04-30,0.0,0.0,300.0,text,
2026年05月陕西省债券发行安排公开,2026-04-07,https://www.celma.org.cn/dfzfxjh/68473.jhtml,dfzfxjh,plan,陕西省,61,2026,5,5,2026-05-01,2026-05-31,19.35,25.9,109.15,text,
2026年05月山西省债券发行安排公开,2026-04-07,https://www.celma.org.cn/dfzfxjh/68471.jhtml,dfzfxjh,plan,山西省,14,2026,5,5,2026-05-01,2026-05-31,25.0,50.0,0.0,text,
2026年05月湖南省本月债券发行安排公开,2026-04-09,https://www.celma.org.cn/dfzfxjh/68491.jhtml,dfzfxjh,plan,湖南省,43,2026,5,5,2026-05-01,2026-05-31,0.0,0.0,0.0,text,
2026年05月北京市本月债券发行安排公开,2026-04-10,https://www.celma.org.cn/dfzfxjh/68505.jhtml,dfzfxjh,plan,北京市,11,2026,5,5,2026-05-01,2026-05-31,0.0,0.0,0.0,text,
2026年05月四川省本月债券发行安排公开,2026-04-10,https://www.celma.org.cn/dfzfxjh/68502.jhtml,dfzfxjh,plan,四川省,51,2026,5,5,2026-05-01,2026-05-31,30.0,200.0,215.0,text,
2026年05月山东省债券发行安排公开,2026-04-14,https://www.celma.org.cn/dfzfxjh/68544.jhtml,dfzfxjh,plan,山东省,37,2026,5,5,2026-05-01,2026-05-31,30.0,173.0,158.09,text,
2026年05月黑龙江省债券发行安排公开,2026-04-15,https://www.celma.org.cn/dfzfxjh/68552.jhtml,dfzfxjh,plan,黑龙江省,23,2026,5,5,2026-05-01,2026-05-31,0.0,0.0,0.0,text,
2026年05月广西壮族自治区债券发行安排公开,2026-04-16,https://www.celma.org.cn/dfzfxjh/68587.jhtml,dfzfxjh,plan,广西壮族自治区,45,2026,5,5,2026-05-01,2026-05-31,0.0,50.0,98.93,text,
2026年05月甘肃省债券发行安排公开,2026-04-16,https://www.celma.org.cn/dfzfxjh/68586.jhtml,dfzfxjh,plan,甘肃省,62,2026,5,5,2026-05-01,2026-05-31,0.0,100.0,37.0,text,
2026年05月青海省债券发行安排公开,2026-04-16,https://www.celma.org.cn/dfzfxjh/68567.jhtml,dfzfxjh,plan,青海省,63,2026,5,5,2026-05-01,2026-05-31,2.53,1.0,1.0,text,
2026年04月上海市债券发行安排公开,2026-04-16,https://www.celma.org.cn/dfzfxjh/68576.jhtml,dfzfxjh,plan,上海市,31,2026,4,4,2026-04-01,2026-04-30,0.0,303.51,0.0,text,
2026年03月大连市本月债券发行安排公开,2026-04-17,https://www.celma.org.cn/dfzfxjh/68609.jhtml,dfzfxjh,plan,大连市,2102,2026,3,3,2026-03-01,2026-03-31,0.0,57.86,16.2,text,
2026年05月内蒙古自治区债券发行安排公开,2026-04-17,https://www.celma.org.cn/dfzfxjh/68617.jhtml,dfzfxjh,plan,内蒙古自治区,15,2026,5,5,2026-05-01,2026-05-31,,,,text,
2026年05月江西省债券发行安排公开,2026-04-17,https://www.celma.org.cn/dfzfxjh/68604.jhtml,dfzfxjh,plan,江西省,36,2026,5,5,2026-05-01,2026-05-31,0.0,0.0,0.0,text,
2026年05月厦门市债券发行安排公开,2026-04-17,https://www.celma.org.cn/dfzfxjh/68605.jhtml,dfzfxjh,plan,厦门市,3502,2026,5,5,2026-05-01,2026-05-31,0.0,0.0,18.0,text,
2026年05月贵州省本月债券发行安排公开,2026-04-20,https://www.celma.org.cn/dfzfxjh/68639.jhtml,dfzfxjh,plan,贵州省,52,2026,5,5,2026-05-01,2026-05-31,0.0,0.0,249.83,text,
2026年05月河北省债券发行安排公开,2026-04-20,https://www.celma.org.cn/dfzfxjh/68627.jhtml,dfzfxjh,plan,河北省,13,2026,5,5,2026-05-01,2026-05-31,0.0,500.0,122.35,text,
2026年05月安徽省债券发行安排公开,2026-04-20,https://www.celma.org.cn/dfzfxjh/68625.jhtml,dfzfxjh,plan,安徽省,34,2026,5,5,2026-05-01,2026-05-31,0.0,235.0,748.81,text,
2026年05月江苏省本月债券发行安排公开,2026-04-20,https://www.celma.org.cn/dfzfxjh/68633.jhtml,dfzfxjh,plan,江苏省,32,2026,5,5,2026-05-01,2026-05-31,0.0,152.58,511.0,text,
2026年05月海南省本月债券发行安排公开,2026-04-20,https://www.celma.org.cn/dfzfxjh/68622.jhtml,dfzfxjh,plan,海南省,46,2026,5,5,2026-05-01,2026-05-31,0.0,0.0,0.0,text,
2026年05月上海市债券发行安排公开,2026-04-20,https://www.celma.org.cn/dfzfxjh/68626.jhtml,dfzfxjh,plan,上海市,31,2026,5,5,2026-05-01,2026-05-31,0.0,0.0,0.0,text,
2026年05月宁波市债券发行安排公开,2026-04-20,https://www.celma.org.cn/dfzfxjh/68628.jhtml,dfzfxjh,plan,宁波市,3302,2026,5,5,2026-05-01,2026-05-31,0.0,0.0,129.23,text,
2026年05月福建省债券发行安排公开,2026-04-20,https://www.celma.org.cn/dfzfxjh/68621.jhtml,dfzfxjh,plan,福建省,35,2026,5,5,2026-05-01,2026-05-31,0.0,300.0,0.0,text,
2026年05月浙江省债券发行安排公开,2026-04-20,https://www.celma.org.cn/dfzfxjh/68624.jhtml,dfzfxjh,plan,浙江省,33,2026,5,5,2026-05-01,2026-05-31,,,,ocr,未找到再融资债券计划发行规模(表2-1); 未找到新增一般/专项债券计划发行规模(表2-2); 本行来自OCR识别，数值型字段准确性需人工核对
2026年04月大连市本月债券发行安排公开,2026-04-21,https://www.celma.org.cn/dfzfxjh/68663.jhtml,dfzfxjh,plan,大连市,2102,2026,4,4,2026-04-01,2026-04-30,0.0,0.0,29.28,text,
2026年04月天津市本月债券发行安排公开,2026-04-21,https://www.celma.org.cn/dfzfxjh/68659.jhtml,dfzfxjh,plan,天津市,12,2026,4,4,2026-04-01,2026-04-30,15.88,8.06,374.48,text,
2026年05月重庆市本月债券发行安排公开,2026-04-27,https://www.celma.org.cn/dfzfxjh/68727.jhtml,dfzfxjh,plan,重庆市,50,2026,5,5,2026-05-01,2026-05-31,9.0,27.0,298.66,text,
2026年05月新疆维吾尔自治区本月债券发行安排公开,2026-04-27,https://www.celma.org.cn/dfzfxjh/68726.jhtml,dfzfxjh,plan,新疆维吾尔自治区,65,2026,5,5,2026-05-01,2026-05-31,50.0,50.0,0.0,text,
2026年04月辽宁省本月债券发行安排公开,2026-04-30,https://www.celma.org.cn/dfzfxjh/68747.jhtml,dfzfxjh,plan,辽宁省,21,2026,4,4,2026-04-01,2026-04-30,0.0,0.0,138.81,text,
2026年05月河南省债券发行安排公开,2026-04-30,https://www.celma.org.cn/dfzfxjh/69239.jhtml,dfzfxjh,plan,河南省,41,2026,5,5,2026-05-01,2026-05-31,28.52,122.08,501.74,text,
2026年06月四川省本月债券发行安排公开,2026-05-07,https://www.celma.org.cn/dfzfxjh/68774.jhtml,dfzfxjh,plan,四川省,51,2026,6,6,2026-06-01,2026-06-30,9.9,0.0,345.61,text,
2026年06月陕西省债券发行安排公开,2026-05-09,https://www.celma.org.cn/dfzfxjh/68789.jhtml,dfzfxjh,plan,陕西省,61,2026,6,6,2026-06-01,2026-06-30,0.0,0.0,0.0,text,
2026年06月山西省债券发行安排公开,2026-05-11,https://www.celma.org.cn/dfzfxjh/68798.jhtml,dfzfxjh,plan,山西省,14,2026,6,6,2026-06-01,2026-06-30,25.0,50.0,155.0,text,
2026年06月湖南省本月债券发行安排公开,2026-05-14,https://www.celma.org.cn/dfzfxjh/68836.jhtml,dfzfxjh,plan,湖南省,43,2026,6,6,2026-06-01,2026-06-30,0.0,0.0,0.0,text,
2025年11月青岛市本月债券发行安排公开,2026-05-15,https://www.celma.org.cn/dfzfxjh/68857.jhtml,dfzfxjh,plan,青岛市,3702,2025,11,11,2025-11-01,2025-11-30,0.0,120.38,27.0,text,
2025年07月青岛市本月债券发行安排公开,2026-05-15,https://www.celma.org.cn/dfzfxjh/68853.jhtml,dfzfxjh,plan,青岛市,3702,2025,7,7,2025-07-01,2025-07-31,0.0,0.0,0.0,text,
2026年03月青岛市本月债券发行安排公开,2026-05-15,https://www.celma.org.cn/dfzfxjh/68861.jhtml,dfzfxjh,plan,青岛市,3702,2026,3,3,2026-03-01,2026-03-31,2.1,37.2,139.59,text,
2026年02月青岛市本月债券发行安排公开,2026-05-15,https://www.celma.org.cn/dfzfxjh/68860.jhtml,dfzfxjh,plan,青岛市,3702,2026,2,2,2026-02-01,2026-02-28,3.0,52.9,3.0,text,
2025年09月青岛市本月债券发行安排公开,2026-05-15,https://www.celma.org.cn/dfzfxjh/68855.jhtml,dfzfxjh,plan,青岛市,3702,2025,9,9,2025-09-01,2025-09-30,0.0,82.0,13.0,text,
2025年10月青岛市本月债券发行安排公开,2026-05-15,https://www.celma.org.cn/dfzfxjh/68856.jhtml,dfzfxjh,plan,青岛市,3702,2025,10,10,2025-10-01,2025-10-31,0.0,47.25,18.95,text,
2026年04月青岛市本月债券发行安排公开,2026-05-15,https://www.celma.org.cn/dfzfxjh/68862.jhtml,dfzfxjh,plan,青岛市,3702,2026,4,4,2026-04-01,2026-04-30,2.0,31.88,26.76,text,
2025年06月青岛市本月债券发行安排公开,2026-05-15,https://www.celma.org.cn/dfzfxjh/68852.jhtml,dfzfxjh,plan,青岛市,3702,2025,6,6,2025-06-01,2025-06-30,0.0,109.77,44.18,text,
2025年12月青岛市本月债券发行安排公开,2026-05-15,https://www.celma.org.cn/dfzfxjh/68858.jhtml,dfzfxjh,plan,青岛市,3702,2025,12,12,2025-12-01,2025-12-31,0.0,0.0,0.0,text,
2026年01月青岛市本月债券发行安排公开,2026-05-15,https://www.celma.org.cn/dfzfxjh/68859.jhtml,dfzfxjh,plan,青岛市,3702,2026,1,1,2026-01-01,2026-01-31,0.0,162.9,68.21,text,
2025年08月青岛市本月债券发行安排公开,2026-05-15,https://www.celma.org.cn/dfzfxjh/68854.jhtml,dfzfxjh,plan,青岛市,3702,2025,8,8,2025-08-01,2025-08-31,54.9,12.12,107.87,text,
2025年05月青岛市本月债券发行安排公开,2026-05-15,https://www.celma.org.cn/dfzfxjh/68851.jhtml,dfzfxjh,plan,青岛市,3702,2025,5,5,2025-05-01,2025-05-31,0.7,31.13,19.52,text,
2026年06月山东省债券发行安排公开,2026-05-18,https://www.celma.org.cn/dfzfxjh/68899.jhtml,dfzfxjh,plan,山东省,37,2026,6,6,2026-06-01,2026-06-30,30.0,190.0,289.54,text,
2026年06月青海省债券发行安排公开,2026-05-18,https://www.celma.org.cn/dfzfxjh/68891.jhtml,dfzfxjh,plan,青海省,63,2026,6,6,2026-06-01,2026-06-30,0.0,0.0,0.0,text,
2026年06月广西壮族自治区债券发行安排公开,2026-05-18,https://www.celma.org.cn/dfzfxjh/68888.jhtml,dfzfxjh,plan,广西壮族自治区,45,2026,6,6,2026-06-01,2026-06-30,20.0,225.0,0.0,text,
2025年01月青海省债券发行安排公开,2026-05-18,https://www.celma.org.cn/dfzfxjh/68890.jhtml,dfzfxjh,plan,青海省,63,2025,1,1,2025-01-01,2025-01-31,0.0,0.0,0.0,text,
2026年06月黑龙江省债券发行安排公开,2026-05-18,https://www.celma.org.cn/dfzfxjh/68875.jhtml,dfzfxjh,plan,黑龙江省,23,2026,6,6,2026-06-01,2026-06-30,0.0,50.83,8.82,text,
2026年06月福建省债券发行安排公开,2026-05-18,https://www.celma.org.cn/dfzfxjh/68870.jhtml,dfzfxjh,plan,福建省,35,2026,6,6,2026-06-01,2026-06-30,0.0,221.0,314.429,text,
2026年06月江西省债券发行安排公开,2026-05-18,https://www.celma.org.cn/dfzfxjh/68874.jhtml,dfzfxjh,plan,江西省,36,2026,6,6,2026-06-01,2026-06-30,0.0,0.0,0.0,text,
2025年12月重庆市本月债券发行安排公开,2026-05-19,https://www.celma.org.cn/dfzfxjh/68916.jhtml,dfzfxjh,plan,重庆市,50,2025,12,12,2025-12-01,2025-12-31,0.0,0.0,0.0,text,
2025年11月重庆市本月债券发行安排公开,2026-05-19,https://www.celma.org.cn/dfzfxjh/68915.jhtml,dfzfxjh,plan,重庆市,50,2025,11,11,2025-11-01,2025-11-30,0.0,386.39,59.0,text,
2026年06月吉林省债券发行安排公开,2026-05-19,https://www.celma.org.cn/dfzfxjh/69022.jhtml,dfzfxjh,plan,吉林省,22,2026,6,6,2026-06-01,2026-06-30,6.26,48.46,79.25,text,
2025年09月重庆市本月债券发行安排公开,2026-05-19,https://www.celma.org.cn/dfzfxjh/68914.jhtml,dfzfxjh,plan,重庆市,50,2025,9,9,2025-09-01,2025-09-30,24.07,129.79,44.1,text,
2025年01月重庆市本月债券发行安排公开,2026-05-19,https://www.celma.org.cn/dfzfxjh/68911.jhtml,dfzfxjh,plan,重庆市,50,2025,1,1,2025-01-01,2025-01-31,0.0,0.0,0.0,text,
2026年05月天津市本月债券发行安排公开,2026-05-19,https://www.celma.org.cn/dfzfxjh/68934.jhtml,dfzfxjh,plan,天津市,12,2026,5,5,2026-05-01,2026-05-31,9.55,8.8,402.88,text,
2026年06月海南省本月债券发行安排公开,2026-05-19,https://www.celma.org.cn/dfzfxjh/68935.jhtml,dfzfxjh,plan,海南省,46,2026,6,6,2026-06-01,2026-06-30,14.3,56.7,70.0,text,
2026年06月河北省债券发行安排公开,2026-05-19,https://www.celma.org.cn/dfzfxjh/68906.jhtml,dfzfxjh,plan,河北省,13,2026,6,6,2026-06-01,2026-06-30,160.0,450.0,56.34,text,
2025年04月重庆市本月债券发行安排公开,2026-05-19,https://www.celma.org.cn/dfzfxjh/68912.jhtml,dfzfxjh,plan,重庆市,50,2025,4,4,2025-04-01,2025-04-30,0.0,79.3,292.1,text,
2026年06月安徽省债券发行安排公开,2026-05-19,https://www.celma.org.cn/dfzfxjh/68908.jhtml,dfzfxjh,plan,安徽省,34,2026,6,6,2026-06-01,2026-06-30,0.0,340.0,419.04,text,
2026年06月北京市本月债券发行安排公开,2026-05-19,https://www.celma.org.cn/dfzfxjh/68932.jhtml,dfzfxjh,plan,北京市,11,2026,6,6,2026-06-01,2026-06-30,0.0,235.51,488.36,text,
2026年06月内蒙古自治区债券发行安排公开,2026-05-19,https://www.celma.org.cn/dfzfxjh/68933.jhtml,dfzfxjh,plan,内蒙古自治区,15,2026,6,6,2026-06-01,2026-06-30,,,,text,
2026年06月甘肃省债券发行安排公开,2026-05-19,https://www.celma.org.cn/dfzfxjh/68938.jhtml,dfzfxjh,plan,甘肃省,62,2026,6,6,2026-06-01,2026-06-30,0.0,23.5,210.0,text,
2025年08月重庆市本月债券发行安排公开,2026-05-19,https://www.celma.org.cn/dfzfxjh/68913.jhtml,dfzfxjh,plan,重庆市,50,2025,8,8,2025-08-01,2025-08-31,0.0,21.55,99.3,text,
2026年06月重庆市本月债券发行安排公开,2026-05-20,https://www.celma.org.cn/dfzfxjh/68953.jhtml,dfzfxjh,plan,重庆市,50,2026,6,6,2026-06-01,2026-06-30,0.0,0.0,100.38,text,
2026年06月浙江省债券发行安排公开,2026-05-20,https://www.celma.org.cn/dfzfxjh/68951.jhtml,dfzfxjh,plan,浙江省,33,2026,6,6,2026-06-01,2026-06-30,0.0,354.0,10.0,text,
2026年06月贵州省本月债券发行安排公开,2026-05-20,https://www.celma.org.cn/dfzfxjh/68971.jhtml,dfzfxjh,plan,贵州省,52,2026,6,6,2026-06-01,2026-06-30,30.0,200.0,0.0,text,
2026年05月辽宁省本月债券发行安排公开,2026-05-20,https://www.celma.org.cn/dfzfxjh/68964.jhtml,dfzfxjh,plan,辽宁省,21,2026,5,5,2026-05-01,2026-05-31,0.0,33.82,102.05,text,
2026年06月宁波市债券发行安排公开,2026-05-20,https://www.celma.org.cn/dfzfxjh/68955.jhtml,dfzfxjh,plan,宁波市,3302,2026,6,6,2026-06-01,2026-06-30,0.0,0.0,0.0,text,
2026年06月江苏省本月债券发行安排公开,2026-05-20,https://www.celma.org.cn/dfzfxjh/68984.jhtml,dfzfxjh,plan,江苏省,32,2026,6,6,2026-06-01,2026-06-30,0.0,152.58,500.0,text,
2026年06月上海市债券发行安排公开,2026-05-20,https://www.celma.org.cn/dfzfxjh/68959.jhtml,dfzfxjh,plan,上海市,31,2026,6,6,2026-06-01,2026-06-30,0.0,0.0,0.0,text,
2026年05月云南省债券发行安排公开,2026-05-21,https://www.celma.org.cn/dfzfxjh/69012.jhtml,dfzfxjh,plan,云南省,53,2026,5,5,2026-05-01,2026-05-31,0.0,0.0,763.5,text,
2026年03月云南省债券发行安排公开,2026-05-21,https://www.celma.org.cn/dfzfxjh/69011.jhtml,dfzfxjh,plan,云南省,53,2026,3,3,2026-03-01,2026-03-31,0.0,75.04,261.6,text,
2025年11月云南省债券发行安排公开,2026-05-21,https://www.celma.org.cn/dfzfxjh/69010.jhtml,dfzfxjh,plan,云南省,53,2025,11,11,2025-11-01,2025-11-30,0.0,42.18,207.52,text,
2026年05月新疆兵团债券发行安排公开,2026-05-21,https://www.celma.org.cn/dfzfxjh/69000.jhtml,dfzfxjh,plan,,,2026,5,5,2026-05-01,2026-05-31,35.62,31.0,0.0,text,
2026年06月新疆维吾尔自治区本月债券发行安排公开,2026-05-22,https://www.celma.org.cn/dfzfxjh/69035.jhtml,dfzfxjh,plan,新疆维吾尔自治区,65,2026,6,6,2026-06-01,2026-06-30,100.0,50.0,0.0,text,
2026年05月大连市本月债券发行安排公开,2026-05-25,https://www.celma.org.cn/dfzfxjh/69044.jhtml,dfzfxjh,plan,大连市,2102,2026,5,5,2026-05-01,2026-05-31,0.0,0.0,20.59,text,
2026年05月宁夏回族自治区债券发行安排公开,2026-05-25,https://www.celma.org.cn/dfzfxjh/69053.jhtml,dfzfxjh,plan,宁夏回族自治区,64,2026,5,5,2026-05-01,2026-05-31,0.0,17.14,30.76,text,
2026年06月宁夏回族自治区债券发行安排公开,2026-05-25,https://www.celma.org.cn/dfzfxjh/69054.jhtml,dfzfxjh,plan,宁夏回族自治区,64,2026,6,6,2026-06-01,2026-06-30,24.0,13.51,39.6,text,
2026年05月广东省本月债券发行安排公开,2026-05-29,https://www.celma.org.cn/dfzfxjh/69119.jhtml,dfzfxjh,plan,广东省,44,2026,5,5,2026-05-01,2026-05-31,0.0,0.0,291.6,text,
2026年06月云南省债券发行安排公开,2026-06-05,https://www.celma.org.cn/dfzfxjh/69186.jhtml,dfzfxjh,plan,云南省,53,2026,6,6,2026-06-01,2026-06-30,0.0,48.87,0.0,text,
2025年12月青岛市本月债券发行安排公开,2026-06-08,https://www.celma.org.cn/dfzfxjh/69214.jhtml,dfzfxjh,plan,青岛市,3702,2025,12,12,2025-12-01,2025-12-31,0.0,0.0,0.0,text,
2026年07月陕西省债券发行安排公开,2026-06-08,https://www.celma.org.cn/dfzfxjh/69228.jhtml,dfzfxjh,plan,陕西省,61,2026,7,7,2026-07-01,2026-07-31,0.0,0.0,0.0,text,
2026年05月青岛市本月债券发行安排公开,2026-06-10,https://www.celma.org.cn/dfzfxjh/69267.jhtml,dfzfxjh,plan,青岛市,3702,2026,5,5,2026-05-01,2026-05-31,0.0,35.52,149.53,text,
2026年01月青岛市本月债券发行安排公开,2026-06-10,https://www.celma.org.cn/dfzfxjh/69263.jhtml,dfzfxjh,plan,青岛市,3702,2026,1,1,2026-01-01,2026-01-31,0.0,162.9,68.21,text,
2026年03月青岛市本月债券发行安排公开,2026-06-10,https://www.celma.org.cn/dfzfxjh/69265.jhtml,dfzfxjh,plan,青岛市,3702,2026,3,3,2026-03-01,2026-03-31,2.1,37.2,139.59,text,
2026年04月青岛市本月债券发行安排公开,2026-06-10,https://www.celma.org.cn/dfzfxjh/69266.jhtml,dfzfxjh,plan,青岛市,3702,2026,4,4,2026-04-01,2026-04-30,2.0,31.88,26.76,text,
2026年02月青岛市本月债券发行安排公开,2026-06-10,https://www.celma.org.cn/dfzfxjh/69264.jhtml,dfzfxjh,plan,青岛市,3702,2026,2,2,2026-02-01,2026-02-28,3.0,52.9,3.0,text,
2025年08月西藏自治区本月债券发行安排公开,2026-06-11,https://www.celma.org.cn/dfzfxjh/69281.jhtml,dfzfxjh,plan,西藏自治区,54,2025,8,8,2025-08-01,2025-08-31,0.0,0.0,0.0,text,
2025年11月西藏自治区本月债券发行安排公开,2026-06-11,https://www.celma.org.cn/dfzfxjh/69283.jhtml,dfzfxjh,plan,西藏自治区,54,2025,11,11,2025-11-01,2025-11-30,0.0,0.0,0.0,text,
2025年09月西藏自治区本月债券发行安排公开,2026-06-11,https://www.celma.org.cn/dfzfxjh/69282.jhtml,dfzfxjh,plan,西藏自治区,54,2025,9,9,2025-09-01,2025-09-30,0.0,0.0,0.0,text,
2026年07月四川省本月债券发行安排公开,2026-06-11,https://www.celma.org.cn/dfzfxjh/69299.jhtml,dfzfxjh,plan,四川省,51,2026,7,7,2026-07-01,2026-07-31,0.0,0.0,205.0,text,
2025年12月西藏自治区本月债券发行安排公开,2026-06-11,https://www.celma.org.cn/dfzfxjh/69284.jhtml,dfzfxjh,plan,西藏自治区,54,2025,12,12,2025-12-01,2025-12-31,0.0,0.0,16.74,text,
2025年05月西藏自治区本月债券发行安排公开,2026-06-11,https://www.celma.org.cn/dfzfxjh/69280.jhtml,dfzfxjh,plan,西藏自治区,54,2025,5,5,2025-05-01,2025-05-31,0.0,0.0,0.0,text,
2026年07月黑龙江省债券发行安排公开,2026-06-15,https://www.celma.org.cn/dfzfxjh/69321.jhtml,dfzfxjh,plan,黑龙江省,23,2026,7,7,2026-07-01,2026-07-31,148.64,226.0,72.31,text,
2026年07月北京市本月债券发行安排公开,2026-06-15,https://www.celma.org.cn/dfzfxjh/69327.jhtml,dfzfxjh,plan,北京市,11,2026,7,7,2026-07-01,2026-07-31,0.0,177.31,0.0,text,
2026年07月内蒙古自治区债券发行安排公开,2026-06-16,https://www.celma.org.cn/dfzfxjh/69343.jhtml,dfzfxjh,plan,内蒙古自治区,15,2026,7,7,2026-07-01,2026-07-31,0.0,0.0,0.0,text,
2026年07月湖南省本月债券发行安排公开,2026-06-16,https://www.celma.org.cn/dfzfxjh/69346.jhtml,dfzfxjh,plan,湖南省,43,2026,7,7,2026-07-01,2026-07-31,0.0,0.0,0.0,text,
2026年07月贵州省本月债券发行安排公开,2026-06-17,https://www.celma.org.cn/dfzfxjh/69361.jhtml,dfzfxjh,plan,贵州省,52,2026,7,7,2026-07-01,2026-07-31,39.77,200.0,0.0,text,
2026年07月甘肃省债券发行安排公开,2026-06-17,https://www.celma.org.cn/dfzfxjh/69375.jhtml,dfzfxjh,plan,甘肃省,62,2026,7,7,2026-07-01,2026-07-31,75.0,115.0,40.0,text,
2026年07月浙江省债券发行安排公开,2026-06-17,https://www.celma.org.cn/dfzfxjh/69371.jhtml,dfzfxjh,plan,浙江省,33,2026,7,7,2026-07-01,2026-07-31,0.0,300.0,334.0,text,
2026年07月江西省债券发行安排公开,2026-06-17,https://www.celma.org.cn/dfzfxjh/69362.jhtml,dfzfxjh,plan,江西省,36,2026,7,7,2026-07-01,2026-07-31,0.0,0.0,0.0,text,
2026年07月海南省本月债券发行安排公开,2026-06-17,https://www.celma.org.cn/dfzfxjh/69374.jhtml,dfzfxjh,plan,海南省,46,2026,7,7,2026-07-01,2026-07-31,0.0,0.0,0.0,text,
2026年10月湖北省债券发行安排公开,2026-06-18,https://www.celma.org.cn/dfzfxjh/69402.jhtml,dfzfxjh,plan,湖北省,42,2026,10,10,2026-10-01,2026-10-31,0.0,0.0,358.9,text,
2026年07月山东省债券发行安排公开,2026-06-18,https://www.celma.org.cn/dfzfxjh/69409.jhtml,dfzfxjh,plan,山东省,37,2026,7,7,2026-07-01,2026-07-31,50.0,250.0,130.0,text,
2026年06月广东省本月债券发行安排公开,2026-06-18,https://www.celma.org.cn/dfzfxjh/69424.jhtml,dfzfxjh,plan,广东省,44,2026,6,6,2026-06-01,2026-06-30,0.0,707.5,85.93,text,
2026年07月河北省债券发行安排公开,2026-06-18,https://www.celma.org.cn/dfzfxjh/69421.jhtml,dfzfxjh,plan,河北省,13,2026,7,7,2026-07-01,2026-07-31,0.0,180.0,189.3,text,
2026年07月广西壮族自治区债券发行安排公开,2026-06-18,https://www.celma.org.cn/dfzfxjh/69418.jhtml,dfzfxjh,plan,广西壮族自治区,45,2026,7,7,2026-07-01,2026-07-31,50.0,0.0,0.0,text,
2026年09月湖北省债券发行安排公开,2026-06-18,https://www.celma.org.cn/dfzfxjh/69401.jhtml,dfzfxjh,plan,湖北省,42,2026,9,9,2026-09-01,2026-09-30,0.0,112.0,131.7,text,
2026年07月深圳市本月债券发行安排公开,2026-06-18,https://www.celma.org.cn/dfzfxjh/69390.jhtml,dfzfxjh,plan,深圳市,4403,2026,7,7,2026-07-01,2026-07-31,0.0,150.0,0.0,text,
2026年08月深圳市本月债券发行安排公开,2026-06-18,https://www.celma.org.cn/dfzfxjh/69391.jhtml,dfzfxjh,plan,深圳市,4403,2026,8,8,2026-08-01,2026-08-31,0.0,0.0,0.0,text,
2026年11月湖北省债券发行安排公开,2026-06-18,https://www.celma.org.cn/dfzfxjh/69403.jhtml,dfzfxjh,plan,湖北省,42,2026,11,11,2026-11-01,2026-11-30,0.0,0.0,67.0,text,
2026年09月深圳市本月债券发行安排公开,2026-06-18,https://www.celma.org.cn/dfzfxjh/69392.jhtml,dfzfxjh,plan,深圳市,4403,2026,9,9,2026-09-01,2026-09-30,15.0,235.0,9.3,text,
2026年07月宁波市债券发行安排公开,2026-06-18,https://www.celma.org.cn/dfzfxjh/69416.jhtml,dfzfxjh,plan,宁波市,3302,2026,7,7,2026-07-01,2026-07-31,0.0,0.0,60.48,text,
2026年07月福建省债券发行安排公开,2026-06-18,https://www.celma.org.cn/dfzfxjh/69385.jhtml,dfzfxjh,plan,福建省,35,2026,7,7,2026-07-01,2026-07-31,0.0,0.0,32.6918,text,
2026年07月安徽省债券发行安排公开,2026-06-18,https://www.celma.org.cn/dfzfxjh/69384.jhtml,dfzfxjh,plan,安徽省,34,2026,7,7,2026-07-01,2026-07-31,55.9541,300.0,0.0,text,
2026年07月湖北省债券发行安排公开,2026-06-18,https://www.celma.org.cn/dfzfxjh/69399.jhtml,dfzfxjh,plan,湖北省,42,2026,7,7,2026-07-01,2026-07-31,172.2,400.0,183.0,text,
2026年08月湖北省债券发行安排公开,2026-06-18,https://www.celma.org.cn/dfzfxjh/69400.jhtml,dfzfxjh,plan,湖北省,42,2026,8,8,2026-08-01,2026-08-31,0.0,400.0,109.6,text,
2026年07月江苏省本月债券发行安排公开,2026-06-18,https://www.celma.org.cn/dfzfxjh/69420.jhtml,dfzfxjh,plan,江苏省,32,2026,7,7,2026-07-01,2026-07-31,129.0,200.0,421.74,text,
2026年07月重庆市本月债券发行安排公开,2026-06-19,https://www.celma.org.cn/dfzfxjh/69435.jhtml,dfzfxjh,plan,重庆市,50,2026,7,7,2026-07-01,2026-07-31,0.0,150.0,20.0,text,
2026年07月上海市债券发行安排公开,2026-06-22,https://www.celma.org.cn/dfzfxjh/69431.jhtml,dfzfxjh,plan,上海市,31,2026,7,7,2026-07-01,2026-07-31,0.0,0.0,0.0,text,
2026年06月大连市本月债券发行安排公开,2026-06-26,https://www.celma.org.cn/dfzfxjh/69521.jhtml,dfzfxjh,plan,大连市,2102,2026,6,6,2026-06-01,2026-06-30,8.0,86.3,0.0,text,
2026年07月新疆维吾尔自治区本月债券发行安排公开,2026-06-26,https://www.celma.org.cn/dfzfxjh/69526.jhtml,dfzfxjh,plan,新疆维吾尔自治区,65,2026,7,7,2026-07-01,2026-07-31,21.0,42.0,13.4,text,
2026年07月青海省债券发行安排公开,2026-06-26,https://www.celma.org.cn/dfzfxjh/69504.jhtml,dfzfxjh,plan,青海省,63,2026,7,7,2026-07-01,2026-07-31,0.0,0.0,0.0,text,
2026年07月天津市债券发行安排公开,2026-06-30,https://www.celma.org.cn/dfzfxjh/69587.jhtml,dfzfxjh,plan,天津市,12,2026,7,7,2026-07-01,2026-07-31,17.51,22.19,156.22,text,
2026年06月天津市债券发行安排公开,2026-06-30,https://www.celma.org.cn/dfzfxjh/69609.jhtml,dfzfxjh,plan,天津市,12,2026,6,6,2026-06-01,2026-06-30,0.0,0.0,0.0,text,
2026年06月新疆兵团债券发行安排公开,2026-07-01,https://www.celma.org.cn/dfzfxjh/69638.jhtml,dfzfxjh,plan,,,2026,6,6,2026-06-01,2026-06-30,12.38,38.0,0.0,text,
2026年08月青海省债券发行安排公开,2026-07-07,https://www.celma.org.cn/dfzfxjh/69696.jhtml,dfzfxjh,plan,青海省,63,2026,8,8,2026-08-01,2026-08-31,25.88,1.0,1.0,text,
2026年07月云南省债券发行安排公开,2026-07-08,https://www.celma.org.cn/dfzfxjh/69708.jhtml,dfzfxjh,plan,云南省,53,2026,7,7,2026-07-01,2026-07-31,0.0,156.4,0.0,text,
2026年07月宁夏回族自治区债券发行安排公开,2026-07-10,https://www.celma.org.cn/dfzfxjh/69722.jhtml,dfzfxjh,plan,宁夏回族自治区,64,2026,7,7,2026-07-01,2026-07-31,0.0,0.0,0.0,text,
2026年08月宁夏回族自治区债券发行安排公开,2026-07-10,https://www.celma.org.cn/dfzfxjh/69723.jhtml,dfzfxjh,plan,宁夏回族自治区,64,2026,8,8,2026-08-01,2026-08-31,35.0,20.0,68.84,text,
2026年08月湖南省本月债券发行安排公开,2026-07-10,https://www.celma.org.cn/dfzfxjh/69719.jhtml,dfzfxjh,plan,湖南省,43,2026,8,8,2026-08-01,2026-08-31,0.0,0.0,0.0,text,
2026年08月四川省本月债券发行安排公开,2026-07-13,https://www.celma.org.cn/dfzfxjh/69729.jhtml,dfzfxjh,plan,四川省,51,2026,8,8,2026-08-01,2026-08-31,173.0,1265.0,66.0,text,
2026年08月山东省债券发行安排公开,2026-07-13,https://www.celma.org.cn/dfzfxjh/69727.jhtml,dfzfxjh,plan,山东省,37,2026,8,8,2026-08-01,2026-08-31,0.0,425.0,752.0,text,
2026年08月陕西省债券发行安排公开,2026-07-14,https://www.celma.org.cn/dfzfxjh/69758.jhtml,dfzfxjh,plan,陕西省,61,2026,8,8,2026-08-01,2026-08-31,50.0,141.5,112.23,text,
2026年08月厦门市债券发行安排公开,2026-07-16,https://www.celma.org.cn/dfzfxjh/69767.jhtml,dfzfxjh,plan,厦门市,3502,2026,8,8,2026-08-01,2026-08-31,8.0,141.0,0.0,text,
2026年08月江西省债券发行安排公开,2026-07-16,https://www.celma.org.cn/dfzfxjh/69772.jhtml,dfzfxjh,plan,江西省,36,2026,8,8,2026-08-01,2026-08-31,0.0,0.0,0.0,text,
2026年08月福建省债券发行安排公开,2026-07-16,https://www.celma.org.cn/dfzfxjh/69776.jhtml,dfzfxjh,plan,福建省,35,2026,8,8,2026-08-01,2026-08-31,46.6532,101.0,200.0704,text,
2026年08月黑龙江省债券发行安排公开,2026-07-17,https://www.celma.org.cn/dfzfxjh/69785.jhtml,dfzfxjh,plan,黑龙江省,23,2026,8,8,2026-08-01,2026-08-31,148.64,0.0,10.62,text,
2026年06月辽宁省债券发行安排公开,2026-07-17,https://www.celma.org.cn/dfzfxjh/69786.jhtml,dfzfxjh,plan,辽宁省,21,2026,6,6,2026-06-01,2026-06-30,0.0,182.1,390.16,text,
2026年08月安徽省债券发行安排公开,2026-07-17,https://www.celma.org.cn/dfzfxjh/69803.jhtml,dfzfxjh,plan,安徽省,34,2026,8,8,2026-08-01,2026-08-31,,,138.1168,text,
2026年08月广西壮族自治区债券发行安排公开,2026-07-17,https://www.celma.org.cn/dfzfxjh/69806.jhtml,dfzfxjh,plan,广西壮族自治区,45,2026,8,8,2026-08-01,2026-08-31,112.05,0.0,244.42,text,
2026年08月河北省债券发行安排公开,2026-07-20,https://www.celma.org.cn/dfzfxjh/69812.jhtml,dfzfxjh,plan,河北省,13,2026,8,8,2026-08-01,2026-08-31,109.02,152.77,73.25,text,
2026年08月北京市债券发行安排公开,2026-07-20,https://www.celma.org.cn/dfzfxjh/69807.jhtml,dfzfxjh,plan,北京市,11,2026,8,8,2026-08-01,2026-08-31,73.66,214.2,230.47,text,
2026年08月甘肃省债券发行安排公开,2026-07-20,https://www.celma.org.cn/dfzfxjh/69809.jhtml,dfzfxjh,plan,甘肃省,62,2026,8,8,2026-08-01,2026-08-31,100.0,1.0,1.0,text,
2026年08月贵州省本月债券发行安排公开,2026-07-20,https://www.celma.org.cn/dfzfxjh/69814.jhtml,dfzfxjh,plan,贵州省,52,2026,8,8,2026-08-01,2026-08-31,0.0,0.0,177.27,text,
2026年08月宁波市债券发行安排公开,2026-07-20,https://www.celma.org.cn/dfzfxjh/69811.jhtml,dfzfxjh,plan,宁波市,3302,2026,8,8,2026-08-01,2026-08-31,0.0,20.0,60.5,text,
2026年08月重庆市本月债券发行安排公开,2026-07-20,https://www.celma.org.cn/dfzfxjh/69808.jhtml,dfzfxjh,plan,重庆市,50,2026,8,8,2026-08-01,2026-08-31,20.0,165.0,162.64,text,
2026年08月江苏省本月债券发行安排公开,2026-07-22,https://www.celma.org.cn/dfzfxjh/69828.jhtml,dfzfxjh,plan,江苏省,32,2026,8,8,2026-08-01,2026-08-31,0.0,297.9,165.66,text,
2026年08月内蒙古自治区债券发行安排公开,2026-07-22,https://www.celma.org.cn/dfzfxjh/69831.jhtml,dfzfxjh,plan,内蒙古自治区,15,2026,8,8,2026-08-01,2026-08-31,,,,text,
2026年08月海南省本月债券发行安排公开,2026-07-22,https://www.celma.org.cn/dfzfxjh/69830.jhtml,dfzfxjh,plan,海南省,46,2026,8,8,2026-08-01,2026-08-31,21.15,100.0,107.41,text,
2026年08月新疆维吾尔自治区本月债券发行安排公开,2026-07-22,https://www.celma.org.cn/dfzfxjh/69835.jhtml,dfzfxjh,plan,新疆维吾尔自治区,65,2026,8,8,2026-08-01,2026-08-31,16.0,23.0,0.0,text,
2026年08月浙江省债券发行安排公开,2026-07-22,https://www.celma.org.cn/dfzfxjh/69838.jhtml,dfzfxjh,plan,浙江省,33,2026,8,8,2026-08-01,2026-08-31,0.0,200.0,220.0,text,
